Var1,celltype,donor,before,after
Aberrant.BasaloidD239,Aberrant.Basaloid,D239,1,1
Aberrant.BasaloidD265,Aberrant.Basaloid,D265,1,1
Aberrant.BasaloidD266,Aberrant.Basaloid,D266,1,1
Aberrant.BasaloidD288,Aberrant.Basaloid,D288,2,2
Aberrant.BasaloidD292,Aberrant.Basaloid,D292,1,1
Aberrant.BasaloidD294,Aberrant.Basaloid,D294,8,8
Aberrant.BasaloidD314,Aberrant.Basaloid,D314,10,10
Aberrant.BasaloidD320,Aberrant.Basaloid,D320,1,1
Aberrant.BasaloidD332,Aberrant.Basaloid,D332,20,20
Aberrant.BasaloidD347,Aberrant.Basaloid,D347,1,1
Aberrant.BasaloidD357,Aberrant.Basaloid,D357,1,1
Aberrant.BasaloidD366,Aberrant.Basaloid,D366,43,43
Aberrant.BasaloidUCSDX13,Aberrant.Basaloid,UCSDX13,17,17
Aberrant.BasaloidUCSDX14,Aberrant.Basaloid,UCSDX14,4,4
Aberrant.BasaloidUCSDX15,Aberrant.Basaloid,UCSDX15,11,11
Aberrant.BasaloidUCSDX18,Aberrant.Basaloid,UCSDX18,4,4
Aberrant.BasaloidUCSDX21,Aberrant.Basaloid,UCSDX21,2,2
Aberrant.BasaloidUCSDX24,Aberrant.Basaloid,UCSDX24,5,5
Aberrant.BasaloidUCSDX28,Aberrant.Basaloid,UCSDX28,6,6
Aberrant.BasaloidUCSDX29,Aberrant.Basaloid,UCSDX29,13,13
Aberrant.BasaloidUCSDX3,Aberrant.Basaloid,UCSDX3,1,1
Aberrant.BasaloidUCSDX30,Aberrant.Basaloid,UCSDX30,20,20
Aberrant.BasaloidUCSDX31,Aberrant.Basaloid,UCSDX31,5,5
Aberrant.BasaloidUCSDX33,Aberrant.Basaloid,UCSDX33,10,10
Aberrant.BasaloidUCSDX35,Aberrant.Basaloid,UCSDX35,17,17
Aberrant.BasaloidUCSDX36,Aberrant.Basaloid,UCSDX36,75,75
Aberrant.BasaloidUCSDX37,Aberrant.Basaloid,UCSDX37,9,9
Aberrant.BasaloidUCSDX38,Aberrant.Basaloid,UCSDX38,41,41
Aberrant.BasaloidUCSDX39,Aberrant.Basaloid,UCSDX39,3,3
Aberrant.BasaloidUCSDX4,Aberrant.Basaloid,UCSDX4,2,2
Aberrant.BasaloidUCSDX41,Aberrant.Basaloid,UCSDX41,83,83
Aberrant.BasaloidUCSDX42,Aberrant.Basaloid,UCSDX42,47,47
Aberrant.BasaloidUCSDX43,Aberrant.Basaloid,UCSDX43,28,28
Aberrant.BasaloidUCSDX44,Aberrant.Basaloid,UCSDX44,18,18
Aberrant.BasaloidUCSDX47,Aberrant.Basaloid,UCSDX47,2,2
Aberrant.BasaloidUCSDX49,Aberrant.Basaloid,UCSDX49,1,1
Aberrant.BasaloidUCSDX51,Aberrant.Basaloid,UCSDX51,1,1
Aberrant.BasaloidUCSDX53,Aberrant.Basaloid,UCSDX53,2,2
Aberrant.BasaloidUCSDX58,Aberrant.Basaloid,UCSDX58,1,1
Aberrant.BasaloidUCSDX59,Aberrant.Basaloid,UCSDX59,5,5
Aberrant.BasaloidUCSDX6,Aberrant.Basaloid,UCSDX6,4,4
Aberrant.BasaloidUCSDX61,Aberrant.Basaloid,UCSDX61,35,35
Aberrant.BasaloidUCSDX64,Aberrant.Basaloid,UCSDX64,118,118
Aberrant.BasaloidUCSDX69,Aberrant.Basaloid,UCSDX69,15,15
Aberrant.BasaloidUCSDX7,Aberrant.Basaloid,UCSDX7,1,1
Aberrant.BasaloidUCSDX76,Aberrant.Basaloid,UCSDX76,13,13
Aberrant.BasaloidUCSDX78,Aberrant.Basaloid,UCSDX78,6,6
Aberrant.BasaloidUCSDX8,Aberrant.Basaloid,UCSDX8,1,1
Aberrant.BasaloidUCSDX9,Aberrant.Basaloid,UCSDX9,35,35
AECD042,AEC,D042,58,58
AECD071,AEC,D071,1,1
AECD116,AEC,D116,2,2
AECD122,AEC,D122,45,45
AECD123,AEC,D123,30,30
AECD176,AEC,D176,76,76
AECD231,AEC,D231,45,45
AECD239,AEC,D239,7,7
AECD260,AEC,D260,15,15
AECD265,AEC,D265,168,168
AECD266,AEC,D266,52,52
AECD283,AEC,D283,2,2
AECD288,AEC,D288,23,23
AECD291,AEC,D291,5,5
AECD292,AEC,D292,90,90
AECD294,AEC,D294,71,71
AECD306,AEC,D306,214,214
AECD312,AEC,D312,46,46
AECD314,AEC,D314,22,22
AECD315,AEC,D315,9,9
AECD320,AEC,D320,17,17
AECD332,AEC,D332,11,11
AECD335,AEC,D335,11,11
AECD339,AEC,D339,187,187
AECD347,AEC,D347,72,72
AECD355,AEC,D355,62,62
AECD356,AEC,D356,7,7
AECD357,AEC,D357,4,4
AECD366,AEC,D366,18,18
AECD369,AEC,D369,21,21
AECD370,AEC,D370,45,45
AECD376,AEC,D376,9,9
AECD381,AEC,D381,25,25
AECUCSDX10,AEC,UCSDX10,1,1
AECUCSDX11,AEC,UCSDX11,14,14
AECUCSDX13,AEC,UCSDX13,11,11
AECUCSDX14,AEC,UCSDX14,2,2
AECUCSDX15,AEC,UCSDX15,29,29
AECUCSDX16,AEC,UCSDX16,23,23
AECUCSDX18,AEC,UCSDX18,31,31
AECUCSDX19,AEC,UCSDX19,56,56
AECUCSDX2,AEC,UCSDX2,3,3
AECUCSDX21,AEC,UCSDX21,3,3
AECUCSDX23,AEC,UCSDX23,15,15
AECUCSDX24,AEC,UCSDX24,7,7
AECUCSDX25,AEC,UCSDX25,41,41
AECUCSDX27,AEC,UCSDX27,1,1
AECUCSDX28,AEC,UCSDX28,30,30
AECUCSDX29,AEC,UCSDX29,18,18
AECUCSDX3,AEC,UCSDX3,5,5
AECUCSDX30,AEC,UCSDX30,20,20
AECUCSDX31,AEC,UCSDX31,15,15
AECUCSDX33,AEC,UCSDX33,10,10
AECUCSDX35,AEC,UCSDX35,3,3
AECUCSDX36,AEC,UCSDX36,3,3
AECUCSDX37,AEC,UCSDX37,5,5
AECUCSDX38,AEC,UCSDX38,87,87
AECUCSDX39,AEC,UCSDX39,4,4
AECUCSDX4,AEC,UCSDX4,5,5
AECUCSDX40,AEC,UCSDX40,33,33
AECUCSDX41,AEC,UCSDX41,4,4
AECUCSDX42,AEC,UCSDX42,74,74
AECUCSDX43,AEC,UCSDX43,39,39
AECUCSDX44,AEC,UCSDX44,47,47
AECUCSDX49,AEC,UCSDX49,1,1
AECUCSDX50,AEC,UCSDX50,36,36
AECUCSDX51,AEC,UCSDX51,18,18
AECUCSDX53,AEC,UCSDX53,21,21
AECUCSDX58,AEC,UCSDX58,3,3
AECUCSDX59,AEC,UCSDX59,34,34
AECUCSDX6,AEC,UCSDX6,5,5
AECUCSDX61,AEC,UCSDX61,17,17
AECUCSDX62,AEC,UCSDX62,48,48
AECUCSDX63,AEC,UCSDX63,65,65
AECUCSDX64,AEC,UCSDX64,34,34
AECUCSDX69,AEC,UCSDX69,57,57
AECUCSDX7,AEC,UCSDX7,27,27
AECUCSDX72,AEC,UCSDX72,51,51
AECUCSDX76,AEC,UCSDX76,41,41
AECUCSDX77,AEC,UCSDX77,18,18
AECUCSDX78,AEC,UCSDX78,49,49
AECUCSDX8,AEC,UCSDX8,2,2
AECUCSDX9,AEC,UCSDX9,18,18
AF1D042,AF1,D042,300,38
AF1D071,AF1,D071,18,15
AF1D116,AF1,D116,17,14
AF1D122,AF1,D122,49,20
AF1D123,AF1,D123,232,35
AF1D176,AF1,D176,520,45
AF1D231,AF1,D231,358,40
AF1D239,AF1,D239,89,25
AF1D260,AF1,D260,151,30
AF1D265,AF1,D265,1099,58
AF1D266,AF1,D266,378,41
AF1D271,AF1,D271,13,13
AF1D283,AF1,D283,16,14
AF1D288,AF1,D288,138,29
AF1D291,AF1,D291,9,9
AF1D292,AF1,D292,114,27
AF1D294,AF1,D294,46,20
AF1D305,AF1,D305,3,3
AF1D306,AF1,D306,2792,174
AF1D311,AF1,D311,1,1
AF1D312,AF1,D312,138,29
AF1D314,AF1,D314,186,32
AF1D315,AF1,D315,14,13
AF1D320,AF1,D320,346,39
AF1D332,AF1,D332,68,23
AF1D335,AF1,D335,21,15
AF1D339,AF1,D339,1674,67
AF1D347,AF1,D347,392,41
AF1D355,AF1,D355,568,47
AF1D356,AF1,D356,176,32
AF1D357,AF1,D357,86,25
AF1D366,AF1,D366,43,20
AF1D369,AF1,D369,273,36
AF1D370,AF1,D370,538,46
AF1D371,AF1,D371,11,11
AF1D376,AF1,D376,54,21
AF1D381,AF1,D381,121,28
AF1UCSDX10,AF1,UCSDX10,3,3
AF1UCSDX11,AF1,UCSDX11,145,30
AF1UCSDX13,AF1,UCSDX13,278,37
AF1UCSDX14,AF1,UCSDX14,13,13
AF1UCSDX15,AF1,UCSDX15,471,44
AF1UCSDX16,AF1,UCSDX16,525,45
AF1UCSDX18,AF1,UCSDX18,262,36
AF1UCSDX19,AF1,UCSDX19,892,54
AF1UCSDX2,AF1,UCSDX2,49,20
AF1UCSDX20,AF1,UCSDX20,1,1
AF1UCSDX21,AF1,UCSDX21,31,18
AF1UCSDX23,AF1,UCSDX23,91,25
AF1UCSDX24,AF1,UCSDX24,176,32
AF1UCSDX25,AF1,UCSDX25,450,43
AF1UCSDX27,AF1,UCSDX27,3,3
AF1UCSDX28,AF1,UCSDX28,289,37
AF1UCSDX29,AF1,UCSDX29,144,29
AF1UCSDX3,AF1,UCSDX3,11,11
AF1UCSDX30,AF1,UCSDX30,114,27
AF1UCSDX31,AF1,UCSDX31,152,30
AF1UCSDX33,AF1,UCSDX33,232,35
AF1UCSDX35,AF1,UCSDX35,49,20
AF1UCSDX36,AF1,UCSDX36,99,26
AF1UCSDX37,AF1,UCSDX37,24,16
AF1UCSDX38,AF1,UCSDX38,673,49
AF1UCSDX39,AF1,UCSDX39,71,23
AF1UCSDX4,AF1,UCSDX4,67,23
AF1UCSDX40,AF1,UCSDX40,708,50
AF1UCSDX41,AF1,UCSDX41,32,18
AF1UCSDX42,AF1,UCSDX42,769,52
AF1UCSDX43,AF1,UCSDX43,420,42
AF1UCSDX44,AF1,UCSDX44,555,46
AF1UCSDX46,AF1,UCSDX46,2,2
AF1UCSDX47,AF1,UCSDX47,6,6
AF1UCSDX49,AF1,UCSDX49,1,1
AF1UCSDX50,AF1,UCSDX50,324,39
AF1UCSDX51,AF1,UCSDX51,350,40
AF1UCSDX52,AF1,UCSDX52,9,9
AF1UCSDX53,AF1,UCSDX53,225,34
AF1UCSDX58,AF1,UCSDX58,145,30
AF1UCSDX59,AF1,UCSDX59,415,42
AF1UCSDX6,AF1,UCSDX6,105,26
AF1UCSDX61,AF1,UCSDX61,225,34
AF1UCSDX62,AF1,UCSDX62,245,35
AF1UCSDX63,AF1,UCSDX63,303,38
AF1UCSDX64,AF1,UCSDX64,248,35
AF1UCSDX69,AF1,UCSDX69,481,44
AF1UCSDX7,AF1,UCSDX7,417,42
AF1UCSDX72,AF1,UCSDX72,549,46
AF1UCSDX76,AF1,UCSDX76,298,38
AF1UCSDX77,AF1,UCSDX77,400,41
AF1UCSDX78,AF1,UCSDX78,415,42
AF1UCSDX8,AF1,UCSDX8,3,3
AF1UCSDX9,AF1,UCSDX9,166,31
AF2D042,AF2,D042,61,46
AF2D071,AF2,D071,2,2
AF2D116,AF2,D116,1,1
AF2D122,AF2,D122,3,3
AF2D123,AF2,D123,8,8
AF2D176,AF2,D176,37,37
AF2D231,AF2,D231,16,16
AF2D239,AF2,D239,16,16
AF2D260,AF2,D260,3,3
AF2D265,AF2,D265,434,434
AF2D266,AF2,D266,18,18
AF2D283,AF2,D283,18,18
AF2D288,AF2,D288,19,19
AF2D291,AF2,D291,4,4
AF2D292,AF2,D292,1,1
AF2D294,AF2,D294,10,10
AF2D306,AF2,D306,54,44
AF2D311,AF2,D311,1,1
AF2D312,AF2,D312,13,13
AF2D314,AF2,D314,17,17
AF2D315,AF2,D315,3,3
AF2D320,AF2,D320,33,33
AF2D332,AF2,D332,26,26
AF2D335,AF2,D335,1,1
AF2D339,AF2,D339,253,179
AF2D347,AF2,D347,117,57
AF2D355,AF2,D355,30,30
AF2D356,AF2,D356,126,59
AF2D357,AF2,D357,50,43
AF2D366,AF2,D366,1,1
AF2D369,AF2,D369,15,15
AF2D370,AF2,D370,30,30
AF2D381,AF2,D381,27,27
AF2UCSDX10,AF2,UCSDX10,3,3
AF2UCSDX11,AF2,UCSDX11,15,15
AF2UCSDX13,AF2,UCSDX13,169,65
AF2UCSDX14,AF2,UCSDX14,3,3
AF2UCSDX15,AF2,UCSDX15,84,51
AF2UCSDX16,AF2,UCSDX16,7,7
AF2UCSDX18,AF2,UCSDX18,37,37
AF2UCSDX19,AF2,UCSDX19,111,56
AF2UCSDX2,AF2,UCSDX2,5,5
AF2UCSDX21,AF2,UCSDX21,4,4
AF2UCSDX23,AF2,UCSDX23,11,11
AF2UCSDX24,AF2,UCSDX24,14,14
AF2UCSDX25,AF2,UCSDX25,1,1
AF2UCSDX28,AF2,UCSDX28,98,54
AF2UCSDX29,AF2,UCSDX29,45,42
AF2UCSDX30,AF2,UCSDX30,11,11
AF2UCSDX31,AF2,UCSDX31,34,34
AF2UCSDX33,AF2,UCSDX33,22,22
AF2UCSDX36,AF2,UCSDX36,87,52
AF2UCSDX37,AF2,UCSDX37,5,5
AF2UCSDX38,AF2,UCSDX38,109,56
AF2UCSDX39,AF2,UCSDX39,10,10
AF2UCSDX4,AF2,UCSDX4,2,2
AF2UCSDX40,AF2,UCSDX40,98,54
AF2UCSDX41,AF2,UCSDX41,14,14
AF2UCSDX42,AF2,UCSDX42,259,259
AF2UCSDX43,AF2,UCSDX43,57,45
AF2UCSDX44,AF2,UCSDX44,107,55
AF2UCSDX47,AF2,UCSDX47,1,1
AF2UCSDX50,AF2,UCSDX50,38,38
AF2UCSDX51,AF2,UCSDX51,45,42
AF2UCSDX53,AF2,UCSDX53,69,48
AF2UCSDX58,AF2,UCSDX58,11,11
AF2UCSDX59,AF2,UCSDX59,25,25
AF2UCSDX6,AF2,UCSDX6,4,4
AF2UCSDX61,AF2,UCSDX61,83,51
AF2UCSDX62,AF2,UCSDX62,46,42
AF2UCSDX63,AF2,UCSDX63,16,16
AF2UCSDX64,AF2,UCSDX64,46,42
AF2UCSDX69,AF2,UCSDX69,56,45
AF2UCSDX7,AF2,UCSDX7,58,45
AF2UCSDX72,AF2,UCSDX72,32,32
AF2UCSDX76,AF2,UCSDX76,41,40
AF2UCSDX77,AF2,UCSDX77,19,19
AF2UCSDX78,AF2,UCSDX78,110,56
AF2UCSDX9,AF2,UCSDX9,1,1
AMD042,AM,D042,82,27
AMD071,AM,D071,15,15
AMD116,AM,D116,17,16
AMD122,AM,D122,325,42
AMD123,AM,D123,44,22
AMD176,AM,D176,170,34
AMD231,AM,D231,336,43
AMD239,AM,D239,59,24
AMD260,AM,D260,111,29
AMD265,AM,D265,130,31
AMD266,AM,D266,175,34
AMD271,AM,D271,15,15
AMD283,AM,D283,2,2
AMD288,AM,D288,462,47
AMD291,AM,D291,78,26
AMD292,AM,D292,502,49
AMD294,AM,D294,324,42
AMD305,AM,D305,3,3
AMD306,AM,D306,572,51
AMD311,AM,D311,1,1
AMD312,AM,D312,107,29
AMD314,AM,D314,227,37
AMD315,AM,D315,1154,64
AMD320,AM,D320,64,24
AMD332,AM,D332,277,40
AMD335,AM,D335,35,20
AMD339,AM,D339,127,31
AMD347,AM,D347,104,29
AMD351,AM,D351,18,16
AMD355,AM,D355,621,52
AMD356,AM,D356,16,15
AMD357,AM,D357,143,32
AMD366,AM,D366,788,57
AMD369,AM,D369,123,30
AMD370,AM,D370,218,37
AMD371,AM,D371,1,1
AMD376,AM,D376,355,43
AMD381,AM,D381,36,20
AMUCSDX10,AM,UCSDX10,9,9
AMUCSDX11,AM,UCSDX11,30,19
AMUCSDX13,AM,UCSDX13,53,23
AMUCSDX14,AM,UCSDX14,86,27
AMUCSDX15,AM,UCSDX15,104,29
AMUCSDX16,AM,UCSDX16,138,32
AMUCSDX18,AM,UCSDX18,71,25
AMUCSDX19,AM,UCSDX19,182,35
AMUCSDX2,AM,UCSDX2,34,20
AMUCSDX20,AM,UCSDX20,13,13
AMUCSDX21,AM,UCSDX21,10,10
AMUCSDX23,AM,UCSDX23,68,25
AMUCSDX24,AM,UCSDX24,32,19
AMUCSDX25,AM,UCSDX25,456,47
AMUCSDX27,AM,UCSDX27,6,6
AMUCSDX28,AM,UCSDX28,57,24
AMUCSDX29,AM,UCSDX29,823,57
AMUCSDX3,AM,UCSDX3,11,11
AMUCSDX30,AM,UCSDX30,381,44
AMUCSDX31,AM,UCSDX31,72,25
AMUCSDX33,AM,UCSDX33,231,38
AMUCSDX35,AM,UCSDX35,340,43
AMUCSDX36,AM,UCSDX36,895,59
AMUCSDX37,AM,UCSDX37,216,37
AMUCSDX38,AM,UCSDX38,99,28
AMUCSDX39,AM,UCSDX39,95,28
AMUCSDX4,AM,UCSDX4,51,23
AMUCSDX40,AM,UCSDX40,163,33
AMUCSDX41,AM,UCSDX41,846,58
AMUCSDX42,AM,UCSDX42,245,38
AMUCSDX43,AM,UCSDX43,118,30
AMUCSDX44,AM,UCSDX44,167,34
AMUCSDX46,AM,UCSDX46,19,16
AMUCSDX47,AM,UCSDX47,12,12
AMUCSDX49,AM,UCSDX49,8,8
AMUCSDX50,AM,UCSDX50,43,21
AMUCSDX51,AM,UCSDX51,119,30
AMUCSDX52,AM,UCSDX52,12,12
AMUCSDX53,AM,UCSDX53,20,16
AMUCSDX58,AM,UCSDX58,23,17
AMUCSDX59,AM,UCSDX59,114,30
AMUCSDX6,AM,UCSDX6,43,21
AMUCSDX61,AM,UCSDX61,210,36
AMUCSDX62,AM,UCSDX62,27,18
AMUCSDX63,AM,UCSDX63,121,30
AMUCSDX64,AM,UCSDX64,368,44
AMUCSDX69,AM,UCSDX69,191,35
AMUCSDX7,AM,UCSDX7,112,30
AMUCSDX72,AM,UCSDX72,175,34
AMUCSDX76,AM,UCSDX76,99,28
AMUCSDX77,AM,UCSDX77,232,38
AMUCSDX78,AM,UCSDX78,99,28
AMUCSDX8,AM,UCSDX8,18,16
AMUCSDX9,AM,UCSDX9,2147,172
ASMCD042,ASMC,D042,5,5
ASMCD176,ASMC,D176,7,7
ASMCD231,ASMC,D231,11,11
ASMCD239,ASMC,D239,1,1
ASMCD260,ASMC,D260,3,3
ASMCD265,ASMC,D265,2,2
ASMCD266,ASMC,D266,4,4
ASMCD288,ASMC,D288,3,3
ASMCD291,ASMC,D291,2,2
ASMCD292,ASMC,D292,1,1
ASMCD294,ASMC,D294,1,1
ASMCD306,ASMC,D306,31,31
ASMCD312,ASMC,D312,3,3
ASMCD314,ASMC,D314,4,4
ASMCD320,ASMC,D320,3,3
ASMCD332,ASMC,D332,1,1
ASMCD339,ASMC,D339,5,5
ASMCD347,ASMC,D347,7,7
ASMCD355,ASMC,D355,8,8
ASMCD357,ASMC,D357,1,1
ASMCD366,ASMC,D366,1,1
ASMCD370,ASMC,D370,9,9
ASMCUCSDX11,ASMC,UCSDX11,1,1
ASMCUCSDX13,ASMC,UCSDX13,4,4
ASMCUCSDX15,ASMC,UCSDX15,21,21
ASMCUCSDX16,ASMC,UCSDX16,2,2
ASMCUCSDX18,ASMC,UCSDX18,5,5
ASMCUCSDX19,ASMC,UCSDX19,2,2
ASMCUCSDX21,ASMC,UCSDX21,1,1
ASMCUCSDX23,ASMC,UCSDX23,1,1
ASMCUCSDX24,ASMC,UCSDX24,4,4
ASMCUCSDX25,ASMC,UCSDX25,2,2
ASMCUCSDX31,ASMC,UCSDX31,1,1
ASMCUCSDX33,ASMC,UCSDX33,3,3
ASMCUCSDX35,ASMC,UCSDX35,2,2
ASMCUCSDX37,ASMC,UCSDX37,2,2
ASMCUCSDX38,ASMC,UCSDX38,13,13
ASMCUCSDX39,ASMC,UCSDX39,1,1
ASMCUCSDX40,ASMC,UCSDX40,3,3
ASMCUCSDX41,ASMC,UCSDX41,1,1
ASMCUCSDX42,ASMC,UCSDX42,2,2
ASMCUCSDX43,ASMC,UCSDX43,2,2
ASMCUCSDX44,ASMC,UCSDX44,4,4
ASMCUCSDX50,ASMC,UCSDX50,5,5
ASMCUCSDX51,ASMC,UCSDX51,1,1
ASMCUCSDX53,ASMC,UCSDX53,1,1
ASMCUCSDX58,ASMC,UCSDX58,4,4
ASMCUCSDX59,ASMC,UCSDX59,10,10
ASMCUCSDX6,ASMC,UCSDX6,12,12
ASMCUCSDX61,ASMC,UCSDX61,16,16
ASMCUCSDX62,ASMC,UCSDX62,3,3
ASMCUCSDX63,ASMC,UCSDX63,4,4
ASMCUCSDX64,ASMC,UCSDX64,24,24
ASMCUCSDX69,ASMC,UCSDX69,21,21
ASMCUCSDX7,ASMC,UCSDX7,1,1
ASMCUCSDX72,ASMC,UCSDX72,4,4
ASMCUCSDX76,ASMC,UCSDX76,21,21
ASMCUCSDX77,ASMC,UCSDX77,3,3
ASMCUCSDX78,ASMC,UCSDX78,13,13
AT.transD042,AT.trans,D042,85,29
AT.transD071,AT.trans,D071,54,25
AT.transD116,AT.trans,D116,35,22
AT.transD122,AT.trans,D122,149,35
AT.transD123,AT.trans,D123,38,22
AT.transD176,AT.trans,D176,76,28
AT.transD231,AT.trans,D231,105,31
AT.transD239,AT.trans,D239,184,38
AT.transD260,AT.trans,D260,48,24
AT.transD265,AT.trans,D265,703,59
AT.transD266,AT.trans,D266,46,24
AT.transD271,AT.trans,D271,8,8
AT.transD283,AT.trans,D283,38,22
AT.transD288,AT.trans,D288,231,41
AT.transD291,AT.trans,D291,185,38
AT.transD292,AT.trans,D292,172,37
AT.transD294,AT.trans,D294,233,41
AT.transD305,AT.trans,D305,3,3
AT.transD306,AT.trans,D306,168,37
AT.transD311,AT.trans,D311,9,9
AT.transD312,AT.trans,D312,84,29
AT.transD314,AT.trans,D314,478,52
AT.transD315,AT.trans,D315,71,28
AT.transD320,AT.trans,D320,61,26
AT.transD332,AT.trans,D332,140,35
AT.transD335,AT.trans,D335,158,36
AT.transD339,AT.trans,D339,732,150
AT.transD347,AT.trans,D347,365,48
AT.transD351,AT.trans,D351,15,15
AT.transD355,AT.trans,D355,150,35
AT.transD356,AT.trans,D356,89,30
AT.transD357,AT.trans,D357,204,39
AT.transD366,AT.trans,D366,179,38
AT.transD369,AT.trans,D369,86,29
AT.transD370,AT.trans,D370,51,25
AT.transD371,AT.trans,D371,5,5
AT.transD376,AT.trans,D376,207,39
AT.transD381,AT.trans,D381,74,28
AT.transUCSDX10,AT.trans,UCSDX10,27,20
AT.transUCSDX11,AT.trans,UCSDX11,12,12
AT.transUCSDX13,AT.trans,UCSDX13,93,30
AT.transUCSDX14,AT.trans,UCSDX14,299,45
AT.transUCSDX15,AT.trans,UCSDX15,69,27
AT.transUCSDX16,AT.trans,UCSDX16,46,24
AT.transUCSDX18,AT.trans,UCSDX18,40,23
AT.transUCSDX19,AT.trans,UCSDX19,503,53
AT.transUCSDX2,AT.trans,UCSDX2,166,37
AT.transUCSDX20,AT.trans,UCSDX20,7,7
AT.transUCSDX21,AT.trans,UCSDX21,43,23
AT.transUCSDX23,AT.trans,UCSDX23,28,20
AT.transUCSDX24,AT.trans,UCSDX24,18,17
AT.transUCSDX25,AT.trans,UCSDX25,136,34
AT.transUCSDX28,AT.trans,UCSDX28,523,54
AT.transUCSDX29,AT.trans,UCSDX29,57,26
AT.transUCSDX3,AT.trans,UCSDX3,48,24
AT.transUCSDX30,AT.trans,UCSDX30,62,26
AT.transUCSDX31,AT.trans,UCSDX31,19,18
AT.transUCSDX33,AT.trans,UCSDX33,74,28
AT.transUCSDX35,AT.trans,UCSDX35,302,45
AT.transUCSDX36,AT.trans,UCSDX36,175,37
AT.transUCSDX37,AT.trans,UCSDX37,80,29
AT.transUCSDX38,AT.trans,UCSDX38,190,38
AT.transUCSDX39,AT.trans,UCSDX39,20,18
AT.transUCSDX4,AT.trans,UCSDX4,72,28
AT.transUCSDX40,AT.trans,UCSDX40,362,48
AT.transUCSDX41,AT.trans,UCSDX41,174,37
AT.transUCSDX42,AT.trans,UCSDX42,150,35
AT.transUCSDX43,AT.trans,UCSDX43,177,37
AT.transUCSDX44,AT.trans,UCSDX44,120,33
AT.transUCSDX46,AT.trans,UCSDX46,15,15
AT.transUCSDX47,AT.trans,UCSDX47,14,14
AT.transUCSDX49,AT.trans,UCSDX49,15,15
AT.transUCSDX50,AT.trans,UCSDX50,271,43
AT.transUCSDX51,AT.trans,UCSDX51,321,46
AT.transUCSDX52,AT.trans,UCSDX52,12,12
AT.transUCSDX53,AT.trans,UCSDX53,146,35
AT.transUCSDX58,AT.trans,UCSDX58,124,33
AT.transUCSDX59,AT.trans,UCSDX59,25,19
AT.transUCSDX6,AT.trans,UCSDX6,17,17
AT.transUCSDX61,AT.trans,UCSDX61,23,19
AT.transUCSDX62,AT.trans,UCSDX62,26,20
AT.transUCSDX63,AT.trans,UCSDX63,46,24
AT.transUCSDX64,AT.trans,UCSDX64,127,34
AT.transUCSDX69,AT.trans,UCSDX69,51,25
AT.transUCSDX7,AT.trans,UCSDX7,554,55
AT.transUCSDX72,AT.trans,UCSDX72,54,25
AT.transUCSDX76,AT.trans,UCSDX76,37,22
AT.transUCSDX77,AT.trans,UCSDX77,38,22
AT.transUCSDX78,AT.trans,UCSDX78,45,24
AT.transUCSDX8,AT.trans,UCSDX8,11,11
AT.transUCSDX9,AT.trans,UCSDX9,346,47
AT0D042,AT0,D042,1,1
AT0D071,AT0,D071,3,3
AT0D116,AT0,D116,4,4
AT0D122,AT0,D122,9,9
AT0D123,AT0,D123,10,10
AT0D176,AT0,D176,4,4
AT0D231,AT0,D231,30,30
AT0D239,AT0,D239,49,49
AT0D260,AT0,D260,2,2
AT0D265,AT0,D265,106,106
AT0D266,AT0,D266,1,1
AT0D271,AT0,D271,2,2
AT0D283,AT0,D283,3,3
AT0D288,AT0,D288,91,91
AT0D291,AT0,D291,24,24
AT0D292,AT0,D292,12,12
AT0D294,AT0,D294,41,41
AT0D305,AT0,D305,4,4
AT0D306,AT0,D306,9,9
AT0D311,AT0,D311,2,2
AT0D312,AT0,D312,4,4
AT0D314,AT0,D314,46,46
AT0D315,AT0,D315,75,75
AT0D320,AT0,D320,5,5
AT0D332,AT0,D332,85,85
AT0D335,AT0,D335,6,6
AT0D339,AT0,D339,103,103
AT0D347,AT0,D347,166,166
AT0D351,AT0,D351,4,4
AT0D355,AT0,D355,8,8
AT0D356,AT0,D356,10,10
AT0D357,AT0,D357,12,12
AT0D366,AT0,D366,63,63
AT0D369,AT0,D369,1,1
AT0D370,AT0,D370,3,3
AT0D371,AT0,D371,1,1
AT0D376,AT0,D376,16,16
AT0D381,AT0,D381,13,13
AT0UCSDX10,AT0,UCSDX10,3,3
AT0UCSDX13,AT0,UCSDX13,32,32
AT0UCSDX14,AT0,UCSDX14,182,182
AT0UCSDX15,AT0,UCSDX15,8,8
AT0UCSDX18,AT0,UCSDX18,2,2
AT0UCSDX19,AT0,UCSDX19,129,129
AT0UCSDX2,AT0,UCSDX2,55,55
AT0UCSDX21,AT0,UCSDX21,2,2
AT0UCSDX24,AT0,UCSDX24,28,28
AT0UCSDX25,AT0,UCSDX25,24,24
AT0UCSDX27,AT0,UCSDX27,1,1
AT0UCSDX28,AT0,UCSDX28,30,30
AT0UCSDX29,AT0,UCSDX29,44,44
AT0UCSDX3,AT0,UCSDX3,9,9
AT0UCSDX30,AT0,UCSDX30,24,24
AT0UCSDX31,AT0,UCSDX31,10,10
AT0UCSDX33,AT0,UCSDX33,3,3
AT0UCSDX35,AT0,UCSDX35,75,75
AT0UCSDX36,AT0,UCSDX36,36,36
AT0UCSDX37,AT0,UCSDX37,143,143
AT0UCSDX38,AT0,UCSDX38,22,22
AT0UCSDX39,AT0,UCSDX39,2,2
AT0UCSDX4,AT0,UCSDX4,12,12
AT0UCSDX40,AT0,UCSDX40,41,41
AT0UCSDX41,AT0,UCSDX41,13,13
AT0UCSDX42,AT0,UCSDX42,21,21
AT0UCSDX43,AT0,UCSDX43,10,10
AT0UCSDX44,AT0,UCSDX44,80,80
AT0UCSDX46,AT0,UCSDX46,1,1
AT0UCSDX47,AT0,UCSDX47,3,3
AT0UCSDX49,AT0,UCSDX49,1,1
AT0UCSDX50,AT0,UCSDX50,9,9
AT0UCSDX51,AT0,UCSDX51,42,42
AT0UCSDX53,AT0,UCSDX53,36,36
AT0UCSDX58,AT0,UCSDX58,6,6
AT0UCSDX59,AT0,UCSDX59,2,2
AT0UCSDX6,AT0,UCSDX6,5,5
AT0UCSDX61,AT0,UCSDX61,3,3
AT0UCSDX62,AT0,UCSDX62,3,3
AT0UCSDX63,AT0,UCSDX63,1,1
AT0UCSDX64,AT0,UCSDX64,11,11
AT0UCSDX69,AT0,UCSDX69,6,6
AT0UCSDX7,AT0,UCSDX7,54,54
AT0UCSDX76,AT0,UCSDX76,3,3
AT0UCSDX77,AT0,UCSDX77,2,2
AT0UCSDX78,AT0,UCSDX78,8,8
AT0UCSDX8,AT0,UCSDX8,2,2
AT0UCSDX9,AT0,UCSDX9,35,35
AT1D042,AT1,D042,472,55
AT1D071,AT1,D071,424,53
AT1D116,AT1,D116,275,46
AT1D122,AT1,D122,995,70
AT1D123,AT1,D123,199,41
AT1D176,AT1,D176,460,54
AT1D231,AT1,D231,685,62
AT1D239,AT1,D239,487,55
AT1D260,AT1,D260,275,46
AT1D265,AT1,D265,4139,169
AT1D266,AT1,D266,248,44
AT1D271,AT1,D271,37,23
AT1D283,AT1,D283,87,31
AT1D288,AT1,D288,1400,78
AT1D291,AT1,D291,736,63
AT1D292,AT1,D292,951,69
AT1D294,AT1,D294,1303,77
AT1D305,AT1,D305,30,22
AT1D306,AT1,D306,1780,85
AT1D311,AT1,D311,76,30
AT1D312,AT1,D312,218,42
AT1D314,AT1,D314,1356,78
AT1D315,AT1,D315,658,61
AT1D320,AT1,D320,356,50
AT1D332,AT1,D332,303,47
AT1D335,AT1,D335,425,53
AT1D339,AT1,D339,3038,101
AT1D347,AT1,D347,1881,86
AT1D351,AT1,D351,61,28
AT1D355,AT1,D355,630,60
AT1D356,AT1,D356,235,43
AT1D357,AT1,D357,528,57
AT1D366,AT1,D366,1030,71
AT1D369,AT1,D369,535,57
AT1D370,AT1,D370,447,54
AT1D371,AT1,D371,7,7
AT1D376,AT1,D376,338,49
AT1D381,AT1,D381,244,44
AT1UCSDX10,AT1,UCSDX10,70,29
AT1UCSDX11,AT1,UCSDX11,173,39
AT1UCSDX13,AT1,UCSDX13,236,43
AT1UCSDX14,AT1,UCSDX14,1632,83
AT1UCSDX15,AT1,UCSDX15,165,38
AT1UCSDX16,AT1,UCSDX16,207,41
AT1UCSDX18,AT1,UCSDX18,118,34
AT1UCSDX19,AT1,UCSDX19,2283,92
AT1UCSDX2,AT1,UCSDX2,486,55
AT1UCSDX20,AT1,UCSDX20,67,28
AT1UCSDX21,AT1,UCSDX21,95,32
AT1UCSDX23,AT1,UCSDX23,159,38
AT1UCSDX24,AT1,UCSDX24,84,31
AT1UCSDX25,AT1,UCSDX25,459,54
AT1UCSDX27,AT1,UCSDX27,7,7
AT1UCSDX28,AT1,UCSDX28,954,69
AT1UCSDX29,AT1,UCSDX29,279,46
AT1UCSDX3,AT1,UCSDX3,74,29
AT1UCSDX30,AT1,UCSDX30,221,42
AT1UCSDX31,AT1,UCSDX31,85,31
AT1UCSDX33,AT1,UCSDX33,273,46
AT1UCSDX35,AT1,UCSDX35,980,70
AT1UCSDX36,AT1,UCSDX36,450,54
AT1UCSDX37,AT1,UCSDX37,309,47
AT1UCSDX38,AT1,UCSDX38,756,64
AT1UCSDX39,AT1,UCSDX39,95,32
AT1UCSDX4,AT1,UCSDX4,175,39
AT1UCSDX40,AT1,UCSDX40,2330,93
AT1UCSDX41,AT1,UCSDX41,276,46
AT1UCSDX42,AT1,UCSDX42,516,56
AT1UCSDX43,AT1,UCSDX43,480,55
AT1UCSDX44,AT1,UCSDX44,229,43
AT1UCSDX46,AT1,UCSDX46,114,34
AT1UCSDX47,AT1,UCSDX47,132,36
AT1UCSDX49,AT1,UCSDX49,123,35
AT1UCSDX50,AT1,UCSDX50,605,59
AT1UCSDX51,AT1,UCSDX51,773,64
AT1UCSDX52,AT1,UCSDX52,152,37
AT1UCSDX53,AT1,UCSDX53,512,56
AT1UCSDX58,AT1,UCSDX58,733,63
AT1UCSDX59,AT1,UCSDX59,162,38
AT1UCSDX6,AT1,UCSDX6,138,36
AT1UCSDX61,AT1,UCSDX61,128,35
AT1UCSDX62,AT1,UCSDX62,183,40
AT1UCSDX63,AT1,UCSDX63,297,47
AT1UCSDX64,AT1,UCSDX64,286,46
AT1UCSDX69,AT1,UCSDX69,338,49
AT1UCSDX7,AT1,UCSDX7,1327,77
AT1UCSDX72,AT1,UCSDX72,398,52
AT1UCSDX76,AT1,UCSDX76,167,39
AT1UCSDX77,AT1,UCSDX77,239,44
AT1UCSDX78,AT1,UCSDX78,130,36
AT1UCSDX8,AT1,UCSDX8,55,27
AT1UCSDX9,AT1,UCSDX9,1127,73
AT2.pD042,AT2,.pD042,8,8
AT2.pD071,AT2,.pD071,1,1
AT2.pD116,AT2,.pD116,2,2
AT2.pD122,AT2,.pD122,11,11
AT2.pD123,AT2,.pD123,1,1
AT2.pD176,AT2,.pD176,5,5
AT2.pD231,AT2,.pD231,32,27
AT2.pD239,AT2,.pD239,6,6
AT2.pD260,AT2,.pD260,7,7
AT2.pD265,AT2,.pD265,18,18
AT2.pD266,AT2,.pD266,3,3
AT2.pD271,AT2,.pD271,3,3
AT2.pD283,AT2,.pD283,2,2
AT2.pD288,AT2,.pD288,33,27
AT2.pD291,AT2,.pD291,10,10
AT2.pD292,AT2,.pD292,22,22
AT2.pD294,AT2,.pD294,28,25
AT2.pD305,AT2,.pD305,1,1
AT2.pD306,AT2,.pD306,19,19
AT2.pD311,AT2,.pD311,1,1
AT2.pD312,AT2,.pD312,1,1
AT2.pD314,AT2,.pD314,25,24
AT2.pD315,AT2,.pD315,40,29
AT2.pD320,AT2,.pD320,12,12
AT2.pD332,AT2,.pD332,13,13
AT2.pD339,AT2,.pD339,34,27
AT2.pD347,AT2,.pD347,40,29
AT2.pD355,AT2,.pD355,15,15
AT2.pD356,AT2,.pD356,2,2
AT2.pD357,AT2,.pD357,4,4
AT2.pD366,AT2,.pD366,24,24
AT2.pD369,AT2,.pD369,5,5
AT2.pD370,AT2,.pD370,11,11
AT2.pD376,AT2,.pD376,10,10
AT2.pD381,AT2,.pD381,5,5
AT2.pUCSDX10,AT2,.pUCSDX10,3,3
AT2.pUCSDX11,AT2,.pUCSDX11,3,3
AT2.pUCSDX13,AT2,.pUCSDX13,13,13
AT2.pUCSDX14,AT2,.pUCSDX14,80,36
AT2.pUCSDX15,AT2,.pUCSDX15,7,7
AT2.pUCSDX16,AT2,.pUCSDX16,2,2
AT2.pUCSDX18,AT2,.pUCSDX18,3,3
AT2.pUCSDX19,AT2,.pUCSDX19,34,27
AT2.pUCSDX2,AT2,.pUCSDX2,7,7
AT2.pUCSDX21,AT2,.pUCSDX21,1,1
AT2.pUCSDX23,AT2,.pUCSDX23,4,4
AT2.pUCSDX24,AT2,.pUCSDX24,4,4
AT2.pUCSDX25,AT2,.pUCSDX25,30,26
AT2.pUCSDX27,AT2,.pUCSDX27,1,1
AT2.pUCSDX28,AT2,.pUCSDX28,12,12
AT2.pUCSDX29,AT2,.pUCSDX29,20,20
AT2.pUCSDX3,AT2,.pUCSDX3,5,5
AT2.pUCSDX30,AT2,.pUCSDX30,9,9
AT2.pUCSDX31,AT2,.pUCSDX31,2,2
AT2.pUCSDX33,AT2,.pUCSDX33,9,9
AT2.pUCSDX35,AT2,.pUCSDX35,42,29
AT2.pUCSDX36,AT2,.pUCSDX36,12,12
AT2.pUCSDX37,AT2,.pUCSDX37,18,18
AT2.pUCSDX38,AT2,.pUCSDX38,8,8
AT2.pUCSDX39,AT2,.pUCSDX39,1,1
AT2.pUCSDX4,AT2,.pUCSDX4,5,5
AT2.pUCSDX40,AT2,.pUCSDX40,15,15
AT2.pUCSDX41,AT2,.pUCSDX41,10,10
AT2.pUCSDX42,AT2,.pUCSDX42,12,12
AT2.pUCSDX43,AT2,.pUCSDX43,9,9
AT2.pUCSDX44,AT2,.pUCSDX44,8,8
AT2.pUCSDX46,AT2,.pUCSDX46,1,1
AT2.pUCSDX47,AT2,.pUCSDX47,1,1
AT2.pUCSDX49,AT2,.pUCSDX49,1,1
AT2.pUCSDX50,AT2,.pUCSDX50,5,5
AT2.pUCSDX51,AT2,.pUCSDX51,10,10
AT2.pUCSDX52,AT2,.pUCSDX52,1,1
AT2.pUCSDX53,AT2,.pUCSDX53,7,7
AT2.pUCSDX58,AT2,.pUCSDX58,1,1
AT2.pUCSDX59,AT2,.pUCSDX59,2,2
AT2.pUCSDX6,AT2,.pUCSDX6,3,3
AT2.pUCSDX61,AT2,.pUCSDX61,4,4
AT2.pUCSDX62,AT2,.pUCSDX62,7,7
AT2.pUCSDX63,AT2,.pUCSDX63,3,3
AT2.pUCSDX64,AT2,.pUCSDX64,16,16
AT2.pUCSDX69,AT2,.pUCSDX69,9,9
AT2.pUCSDX7,AT2,.pUCSDX7,31,26
AT2.pUCSDX72,AT2,.pUCSDX72,1,1
AT2.pUCSDX76,AT2,.pUCSDX76,7,7
AT2.pUCSDX77,AT2,.pUCSDX77,5,5
AT2.pUCSDX78,AT2,.pUCSDX78,3,3
AT2.pUCSDX8,AT2,.pUCSDX8,1,1
AT2.pUCSDX9,AT2,.pUCSDX9,25,24
AT2D042,AT2,D042,540,68
AT2D071,AT2,D071,251,53
AT2D116,AT2,D116,226,51
AT2D122,AT2,D122,1536,97
AT2D123,AT2,D123,189,48
AT2D176,AT2,D176,500,66
AT2D231,AT2,D231,1156,88
AT2D239,AT2,D239,666,73
AT2D260,AT2,D260,469,65
AT2D265,AT2,D265,2651,116
AT2D266,AT2,D266,325,58
AT2D271,AT2,D271,104,39
AT2D283,AT2,D283,58,32
AT2D288,AT2,D288,2412,112
AT2D291,AT2,D291,1377,93
AT2D292,AT2,D292,2274,110
AT2D294,AT2,D294,3132,122
AT2D305,AT2,D305,27,25
AT2D306,AT2,D306,4068,800
AT2D311,AT2,D311,57,32
AT2D312,AT2,D312,280,55
AT2D314,AT2,D314,2197,109
AT2D315,AT2,D315,2684,116
AT2D320,AT2,D320,825,79
AT2D332,AT2,D332,687,74
AT2D335,AT2,D335,176,47
AT2D339,AT2,D339,3749,130
AT2D347,AT2,D347,2792,118
AT2D351,AT2,D351,34,27
AT2D355,AT2,D355,1738,101
AT2D356,AT2,D356,230,51
AT2D357,AT2,D357,471,65
AT2D366,AT2,D366,2477,113
AT2D369,AT2,D369,639,72
AT2D370,AT2,D370,1113,87
AT2D371,AT2,D371,20,20
AT2D376,AT2,D376,1319,92
AT2D381,AT2,D381,315,57
AT2UCSDX10,AT2,UCSDX10,111,40
AT2UCSDX11,AT2,UCSDX11,161,46
AT2UCSDX13,AT2,UCSDX13,651,73
AT2UCSDX14,AT2,UCSDX14,2421,112
AT2UCSDX15,AT2,UCSDX15,495,66
AT2UCSDX16,AT2,UCSDX16,277,55
AT2UCSDX18,AT2,UCSDX18,296,56
AT2UCSDX19,AT2,UCSDX19,2797,118
AT2UCSDX2,AT2,UCSDX2,980,83
AT2UCSDX20,AT2,UCSDX20,70,35
AT2UCSDX21,AT2,UCSDX21,92,38
AT2UCSDX23,AT2,UCSDX23,263,54
AT2UCSDX24,AT2,UCSDX24,231,51
AT2UCSDX25,AT2,UCSDX25,2857,119
AT2UCSDX27,AT2,UCSDX27,13,13
AT2UCSDX28,AT2,UCSDX28,1490,96
AT2UCSDX29,AT2,UCSDX29,1264,90
AT2UCSDX3,AT2,UCSDX3,230,51
AT2UCSDX30,AT2,UCSDX30,554,69
AT2UCSDX31,AT2,UCSDX31,285,55
AT2UCSDX33,AT2,UCSDX33,754,76
AT2UCSDX35,AT2,UCSDX35,2859,119
AT2UCSDX36,AT2,UCSDX36,1689,100
AT2UCSDX37,AT2,UCSDX37,979,83
AT2UCSDX38,AT2,UCSDX38,722,75
AT2UCSDX39,AT2,UCSDX39,212,50
AT2UCSDX4,AT2,UCSDX4,424,63
AT2UCSDX40,AT2,UCSDX40,1671,99
AT2UCSDX41,AT2,UCSDX41,805,78
AT2UCSDX42,AT2,UCSDX42,1296,91
AT2UCSDX43,AT2,UCSDX43,841,79
AT2UCSDX44,AT2,UCSDX44,645,72
AT2UCSDX46,AT2,UCSDX46,78,36
AT2UCSDX47,AT2,UCSDX47,125,42
AT2UCSDX49,AT2,UCSDX49,87,37
AT2UCSDX50,AT2,UCSDX50,424,63
AT2UCSDX51,AT2,UCSDX51,2138,108
AT2UCSDX52,AT2,UCSDX52,149,44
AT2UCSDX53,AT2,UCSDX53,839,79
AT2UCSDX58,AT2,UCSDX58,361,60
AT2UCSDX59,AT2,UCSDX59,326,58
AT2UCSDX6,AT2,UCSDX6,294,56
AT2UCSDX61,AT2,UCSDX61,281,55
AT2UCSDX62,AT2,UCSDX62,516,67
AT2UCSDX63,AT2,UCSDX63,414,62
AT2UCSDX64,AT2,UCSDX64,766,77
AT2UCSDX69,AT2,UCSDX69,823,78
AT2UCSDX7,AT2,UCSDX7,2176,108
AT2UCSDX72,AT2,UCSDX72,441,64
AT2UCSDX76,AT2,UCSDX76,341,59
AT2UCSDX77,AT2,UCSDX77,499,66
AT2UCSDX78,AT2,UCSDX78,361,60
AT2UCSDX8,AT2,UCSDX8,92,38
AT2UCSDX9,AT2,UCSDX9,2687,116
B.CellsD116,B.Cells,D116,2,2
B.CellsD122,B.Cells,D122,12,12
B.CellsD123,B.Cells,D123,6,6
B.CellsD231,B.Cells,D231,8,8
B.CellsD239,B.Cells,D239,1,1
B.CellsD260,B.Cells,D260,2,2
B.CellsD265,B.Cells,D265,13,13
B.CellsD266,B.Cells,D266,4,4
B.CellsD271,B.Cells,D271,1,1
B.CellsD283,B.Cells,D283,4,4
B.CellsD288,B.Cells,D288,12,12
B.CellsD292,B.Cells,D292,18,18
B.CellsD294,B.Cells,D294,25,25
B.CellsD306,B.Cells,D306,28,28
B.CellsD312,B.Cells,D312,3,3
B.CellsD314,B.Cells,D314,3,3
B.CellsD320,B.Cells,D320,2,2
B.CellsD332,B.Cells,D332,5,5
B.CellsD335,B.Cells,D335,1,1
B.CellsD339,B.Cells,D339,2,2
B.CellsD347,B.Cells,D347,8,8
B.CellsD355,B.Cells,D355,8,8
B.CellsD356,B.Cells,D356,3,3
B.CellsD366,B.Cells,D366,132,132
B.CellsD369,B.Cells,D369,4,4
B.CellsD370,B.Cells,D370,1,1
B.CellsD371,B.Cells,D371,1,1
B.CellsD376,B.Cells,D376,1,1
B.CellsD381,B.Cells,D381,1,1
B.CellsUCSDX10,B.Cells,UCSDX10,1,1
B.CellsUCSDX11,B.Cells,UCSDX11,4,4
B.CellsUCSDX13,B.Cells,UCSDX13,56,56
B.CellsUCSDX14,B.Cells,UCSDX14,1,1
B.CellsUCSDX15,B.Cells,UCSDX15,7,7
B.CellsUCSDX18,B.Cells,UCSDX18,1,1
B.CellsUCSDX19,B.Cells,UCSDX19,28,28
B.CellsUCSDX2,B.Cells,UCSDX2,23,23
B.CellsUCSDX21,B.Cells,UCSDX21,5,5
B.CellsUCSDX23,B.Cells,UCSDX23,4,4
B.CellsUCSDX24,B.Cells,UCSDX24,14,14
B.CellsUCSDX25,B.Cells,UCSDX25,8,8
B.CellsUCSDX28,B.Cells,UCSDX28,11,11
B.CellsUCSDX29,B.Cells,UCSDX29,6,6
B.CellsUCSDX3,B.Cells,UCSDX3,1,1
B.CellsUCSDX30,B.Cells,UCSDX30,26,26
B.CellsUCSDX31,B.Cells,UCSDX31,1,1
B.CellsUCSDX33,B.Cells,UCSDX33,2,2
B.CellsUCSDX35,B.Cells,UCSDX35,3,3
B.CellsUCSDX36,B.Cells,UCSDX36,8,8
B.CellsUCSDX37,B.Cells,UCSDX37,1,1
B.CellsUCSDX38,B.Cells,UCSDX38,53,53
B.CellsUCSDX39,B.Cells,UCSDX39,6,6
B.CellsUCSDX4,B.Cells,UCSDX4,32,32
B.CellsUCSDX40,B.Cells,UCSDX40,11,11
B.CellsUCSDX41,B.Cells,UCSDX41,5,5
B.CellsUCSDX42,B.Cells,UCSDX42,255,255
B.CellsUCSDX43,B.Cells,UCSDX43,10,10
B.CellsUCSDX44,B.Cells,UCSDX44,44,44
B.CellsUCSDX50,B.Cells,UCSDX50,6,6
B.CellsUCSDX51,B.Cells,UCSDX51,5,5
B.CellsUCSDX53,B.Cells,UCSDX53,49,49
B.CellsUCSDX58,B.Cells,UCSDX58,14,14
B.CellsUCSDX59,B.Cells,UCSDX59,2,2
B.CellsUCSDX6,B.Cells,UCSDX6,7,7
B.CellsUCSDX61,B.Cells,UCSDX61,22,22
B.CellsUCSDX62,B.Cells,UCSDX62,1,1
B.CellsUCSDX63,B.Cells,UCSDX63,22,22
B.CellsUCSDX64,B.Cells,UCSDX64,7,7
B.CellsUCSDX69,B.Cells,UCSDX69,26,26
B.CellsUCSDX7,B.Cells,UCSDX7,7,7
B.CellsUCSDX76,B.Cells,UCSDX76,10,10
B.CellsUCSDX77,B.Cells,UCSDX77,3,3
B.CellsUCSDX78,B.Cells,UCSDX78,1,1
B.CellsUCSDX8,B.Cells,UCSDX8,1,1
BasalD042,Basal,D042,21,21
BasalD071,Basal,D071,2,2
BasalD116,Basal,D116,1,1
BasalD122,Basal,D122,11,11
BasalD123,Basal,D123,3,3
BasalD176,Basal,D176,23,23
BasalD231,Basal,D231,17,17
BasalD260,Basal,D260,1,1
BasalD265,Basal,D265,9,9
BasalD271,Basal,D271,4,4
BasalD283,Basal,D283,3,3
BasalD288,Basal,D288,3,3
BasalD291,Basal,D291,2,2
BasalD292,Basal,D292,18,18
BasalD294,Basal,D294,18,18
BasalD306,Basal,D306,42,42
BasalD311,Basal,D311,1,1
BasalD312,Basal,D312,7,7
BasalD314,Basal,D314,14,14
BasalD315,Basal,D315,6,6
BasalD320,Basal,D320,4,4
BasalD332,Basal,D332,7,7
BasalD335,Basal,D335,9,9
BasalD339,Basal,D339,15,15
BasalD347,Basal,D347,4,4
BasalD355,Basal,D355,15,15
BasalD356,Basal,D356,4,4
BasalD357,Basal,D357,3,3
BasalD366,Basal,D366,4,4
BasalD369,Basal,D369,1,1
BasalD370,Basal,D370,2,2
BasalD371,Basal,D371,1,1
BasalD376,Basal,D376,6,6
BasalD381,Basal,D381,4,4
BasalUCSDX10,Basal,UCSDX10,5,5
BasalUCSDX11,Basal,UCSDX11,2,2
BasalUCSDX13,Basal,UCSDX13,55,55
BasalUCSDX14,Basal,UCSDX14,57,57
BasalUCSDX15,Basal,UCSDX15,50,50
BasalUCSDX16,Basal,UCSDX16,1,1
BasalUCSDX18,Basal,UCSDX18,32,32
BasalUCSDX19,Basal,UCSDX19,16,16
BasalUCSDX2,Basal,UCSDX2,2,2
BasalUCSDX21,Basal,UCSDX21,2,2
BasalUCSDX24,Basal,UCSDX24,43,43
BasalUCSDX25,Basal,UCSDX25,5,5
BasalUCSDX27,Basal,UCSDX27,1,1
BasalUCSDX28,Basal,UCSDX28,12,12
BasalUCSDX29,Basal,UCSDX29,10,10
BasalUCSDX3,Basal,UCSDX3,18,18
BasalUCSDX30,Basal,UCSDX30,12,12
BasalUCSDX31,Basal,UCSDX31,11,11
BasalUCSDX33,Basal,UCSDX33,5,5
BasalUCSDX35,Basal,UCSDX35,29,29
BasalUCSDX36,Basal,UCSDX36,13,13
BasalUCSDX37,Basal,UCSDX37,5,5
BasalUCSDX38,Basal,UCSDX38,26,26
BasalUCSDX39,Basal,UCSDX39,1,1
BasalUCSDX4,Basal,UCSDX4,39,39
BasalUCSDX40,Basal,UCSDX40,37,37
BasalUCSDX41,Basal,UCSDX41,11,11
BasalUCSDX42,Basal,UCSDX42,82,82
BasalUCSDX43,Basal,UCSDX43,6,6
BasalUCSDX44,Basal,UCSDX44,87,87
BasalUCSDX49,Basal,UCSDX49,1,1
BasalUCSDX50,Basal,UCSDX50,9,9
BasalUCSDX53,Basal,UCSDX53,14,14
BasalUCSDX58,Basal,UCSDX58,9,9
BasalUCSDX59,Basal,UCSDX59,4,4
BasalUCSDX6,Basal,UCSDX6,20,20
BasalUCSDX61,Basal,UCSDX61,6,6
BasalUCSDX62,Basal,UCSDX62,2,2
BasalUCSDX64,Basal,UCSDX64,20,20
BasalUCSDX69,Basal,UCSDX69,41,41
BasalUCSDX7,Basal,UCSDX7,2,2
BasalUCSDX76,Basal,UCSDX76,60,60
BasalUCSDX77,Basal,UCSDX77,1,1
BasalUCSDX78,Basal,UCSDX78,19,19
BasalUCSDX8,Basal,UCSDX8,2,2
BasalUCSDX9,Basal,UCSDX9,36,36
CAP1D042,CAP1,D042,91,34
CAP1D071,CAP1,D071,17,17
CAP1D116,CAP1,D116,10,10
CAP1D122,CAP1,D122,288,50
CAP1D123,CAP1,D123,127,38
CAP1D176,CAP1,D176,110,37
CAP1D231,CAP1,D231,196,44
CAP1D239,CAP1,D239,70,31
CAP1D260,CAP1,D260,84,33
CAP1D265,CAP1,D265,369,55
CAP1D266,CAP1,D266,179,43
CAP1D271,CAP1,D271,1,1
CAP1D283,CAP1,D283,19,19
CAP1D288,CAP1,D288,122,38
CAP1D291,CAP1,D291,17,17
CAP1D292,CAP1,D292,220,46
CAP1D294,CAP1,D294,128,38
CAP1D306,CAP1,D306,981,246
CAP1D311,CAP1,D311,1,1
CAP1D312,CAP1,D312,246,48
CAP1D314,CAP1,D314,132,39
CAP1D315,CAP1,D315,27,23
CAP1D320,CAP1,D320,35,25
CAP1D332,CAP1,D332,50,28
CAP1D335,CAP1,D335,15,15
CAP1D339,CAP1,D339,431,58
CAP1D347,CAP1,D347,185,44
CAP1D351,CAP1,D351,1,1
CAP1D355,CAP1,D355,340,53
CAP1D356,CAP1,D356,46,27
CAP1D357,CAP1,D357,86,34
CAP1D366,CAP1,D366,27,23
CAP1D369,CAP1,D369,134,39
CAP1D370,CAP1,D370,199,45
CAP1D371,CAP1,D371,6,6
CAP1D376,CAP1,D376,72,32
CAP1D381,CAP1,D381,211,45
CAP1UCSDX11,CAP1,UCSDX11,61,30
CAP1UCSDX13,CAP1,UCSDX13,13,13
CAP1UCSDX14,CAP1,UCSDX14,5,5
CAP1UCSDX15,CAP1,UCSDX15,23,22
CAP1UCSDX16,CAP1,UCSDX16,65,31
CAP1UCSDX18,CAP1,UCSDX18,20,20
CAP1UCSDX19,CAP1,UCSDX19,319,52
CAP1UCSDX2,CAP1,UCSDX2,11,11
CAP1UCSDX20,CAP1,UCSDX20,1,1
CAP1UCSDX21,CAP1,UCSDX21,27,23
CAP1UCSDX23,CAP1,UCSDX23,153,41
CAP1UCSDX24,CAP1,UCSDX24,21,21
CAP1UCSDX25,CAP1,UCSDX25,112,37
CAP1UCSDX28,CAP1,UCSDX28,266,49
CAP1UCSDX29,CAP1,UCSDX29,48,28
CAP1UCSDX3,CAP1,UCSDX3,2,2
CAP1UCSDX30,CAP1,UCSDX30,36,25
CAP1UCSDX31,CAP1,UCSDX31,18,18
CAP1UCSDX33,CAP1,UCSDX33,84,33
CAP1UCSDX35,CAP1,UCSDX35,20,20
CAP1UCSDX36,CAP1,UCSDX36,11,11
CAP1UCSDX37,CAP1,UCSDX37,4,4
CAP1UCSDX38,CAP1,UCSDX38,371,55
CAP1UCSDX39,CAP1,UCSDX39,31,24
CAP1UCSDX4,CAP1,UCSDX4,43,27
CAP1UCSDX40,CAP1,UCSDX40,221,46
CAP1UCSDX41,CAP1,UCSDX41,9,9
CAP1UCSDX42,CAP1,UCSDX42,225,46
CAP1UCSDX43,CAP1,UCSDX43,274,50
CAP1UCSDX44,CAP1,UCSDX44,96,35
CAP1UCSDX46,CAP1,UCSDX46,2,2
CAP1UCSDX47,CAP1,UCSDX47,1,1
CAP1UCSDX50,CAP1,UCSDX50,141,40
CAP1UCSDX51,CAP1,UCSDX51,60,30
CAP1UCSDX52,CAP1,UCSDX52,2,2
CAP1UCSDX53,CAP1,UCSDX53,89,34
CAP1UCSDX58,CAP1,UCSDX58,125,38
CAP1UCSDX59,CAP1,UCSDX59,107,36
CAP1UCSDX6,CAP1,UCSDX6,22,21
CAP1UCSDX61,CAP1,UCSDX61,38,26
CAP1UCSDX62,CAP1,UCSDX62,163,42
CAP1UCSDX63,CAP1,UCSDX63,171,42
CAP1UCSDX64,CAP1,UCSDX64,94,35
CAP1UCSDX69,CAP1,UCSDX69,82,33
CAP1UCSDX7,CAP1,UCSDX7,557,63
CAP1UCSDX72,CAP1,UCSDX72,139,40
CAP1UCSDX76,CAP1,UCSDX76,59,30
CAP1UCSDX77,CAP1,UCSDX77,21,21
CAP1UCSDX78,CAP1,UCSDX78,36,25
CAP1UCSDX8,CAP1,UCSDX8,6,6
CAP1UCSDX9,CAP1,UCSDX9,53,29
CAP2D042,CAP2,D042,60,40
CAP2D071,CAP2,D071,9,9
CAP2D116,CAP2,D116,3,3
CAP2D122,CAP2,D122,66,41
CAP2D123,CAP2,D123,41,35
CAP2D176,CAP2,D176,160,56
CAP2D231,CAP2,D231,82,44
CAP2D239,CAP2,D239,46,37
CAP2D260,CAP2,D260,11,11
CAP2D265,CAP2,D265,400,153
CAP2D266,CAP2,D266,67,42
CAP2D271,CAP2,D271,1,1
CAP2D283,CAP2,D283,2,2
CAP2D288,CAP2,D288,47,37
CAP2D291,CAP2,D291,10,10
CAP2D292,CAP2,D292,55,39
CAP2D294,CAP2,D294,22,22
CAP2D306,CAP2,D306,502,502
CAP2D312,CAP2,D312,170,57
CAP2D314,CAP2,D314,23,23
CAP2D315,CAP2,D315,9,9
CAP2D320,CAP2,D320,8,8
CAP2D332,CAP2,D332,6,6
CAP2D335,CAP2,D335,12,12
CAP2D339,CAP2,D339,349,72
CAP2D347,CAP2,D347,177,58
CAP2D351,CAP2,D351,1,1
CAP2D355,CAP2,D355,45,36
CAP2D356,CAP2,D356,22,22
CAP2D357,CAP2,D357,59,40
CAP2D366,CAP2,D366,11,11
CAP2D369,CAP2,D369,34,33
CAP2D370,CAP2,D370,130,52
CAP2D371,CAP2,D371,6,6
CAP2D376,CAP2,D376,5,5
CAP2D381,CAP2,D381,20,20
CAP2UCSDX11,CAP2,UCSDX11,13,13
CAP2UCSDX13,CAP2,UCSDX13,2,2
CAP2UCSDX14,CAP2,UCSDX14,2,2
CAP2UCSDX15,CAP2,UCSDX15,1,1
CAP2UCSDX16,CAP2,UCSDX16,39,35
CAP2UCSDX18,CAP2,UCSDX18,28,28
CAP2UCSDX19,CAP2,UCSDX19,158,55
CAP2UCSDX2,CAP2,UCSDX2,14,14
CAP2UCSDX20,CAP2,UCSDX20,2,2
CAP2UCSDX21,CAP2,UCSDX21,19,19
CAP2UCSDX23,CAP2,UCSDX23,27,27
CAP2UCSDX24,CAP2,UCSDX24,24,24
CAP2UCSDX25,CAP2,UCSDX25,11,11
CAP2UCSDX28,CAP2,UCSDX28,172,57
CAP2UCSDX29,CAP2,UCSDX29,5,5
CAP2UCSDX3,CAP2,UCSDX3,1,1
CAP2UCSDX30,CAP2,UCSDX30,11,11
CAP2UCSDX31,CAP2,UCSDX31,7,7
CAP2UCSDX33,CAP2,UCSDX33,37,34
CAP2UCSDX35,CAP2,UCSDX35,5,5
CAP2UCSDX37,CAP2,UCSDX37,2,2
CAP2UCSDX38,CAP2,UCSDX38,311,69
CAP2UCSDX39,CAP2,UCSDX39,25,25
CAP2UCSDX4,CAP2,UCSDX4,10,10
CAP2UCSDX40,CAP2,UCSDX40,65,41
CAP2UCSDX42,CAP2,UCSDX42,113,50
CAP2UCSDX43,CAP2,UCSDX43,60,40
CAP2UCSDX44,CAP2,UCSDX44,81,44
CAP2UCSDX49,CAP2,UCSDX49,2,2
CAP2UCSDX50,CAP2,UCSDX50,67,42
CAP2UCSDX51,CAP2,UCSDX51,19,19
CAP2UCSDX52,CAP2,UCSDX52,4,4
CAP2UCSDX53,CAP2,UCSDX53,71,42
CAP2UCSDX58,CAP2,UCSDX58,182,58
CAP2UCSDX59,CAP2,UCSDX59,34,33
CAP2UCSDX6,CAP2,UCSDX6,9,9
CAP2UCSDX61,CAP2,UCSDX61,58,40
CAP2UCSDX62,CAP2,UCSDX62,46,37
CAP2UCSDX63,CAP2,UCSDX63,64,41
CAP2UCSDX64,CAP2,UCSDX64,38,34
CAP2UCSDX69,CAP2,UCSDX69,80,44
CAP2UCSDX7,CAP2,UCSDX7,95,47
CAP2UCSDX72,CAP2,UCSDX72,89,46
CAP2UCSDX76,CAP2,UCSDX76,56,39
CAP2UCSDX77,CAP2,UCSDX77,10,10
CAP2UCSDX78,CAP2,UCSDX78,8,8
CAP2UCSDX8,CAP2,UCSDX8,2,2
CAP2UCSDX9,CAP2,UCSDX9,17,17
ClubD042,Club,D042,22,22
ClubD071,Club,D071,4,4
ClubD116,Club,D116,1,1
ClubD122,Club,D122,31,31
ClubD123,Club,D123,3,3
ClubD176,Club,D176,7,7
ClubD231,Club,D231,6,6
ClubD239,Club,D239,2,2
ClubD260,Club,D260,5,5
ClubD265,Club,D265,4,4
ClubD266,Club,D266,1,1
ClubD271,Club,D271,6,6
ClubD283,Club,D283,6,6
ClubD288,Club,D288,9,9
ClubD291,Club,D291,9,9
ClubD292,Club,D292,11,11
ClubD294,Club,D294,14,14
ClubD306,Club,D306,6,6
ClubD311,Club,D311,3,3
ClubD312,Club,D312,7,7
ClubD314,Club,D314,31,31
ClubD315,Club,D315,10,10
ClubD320,Club,D320,2,2
ClubD332,Club,D332,6,6
ClubD335,Club,D335,15,15
ClubD339,Club,D339,1,1
ClubD347,Club,D347,2,2
ClubD355,Club,D355,5,5
ClubD356,Club,D356,4,4
ClubD357,Club,D357,3,3
ClubD366,Club,D366,7,7
ClubD369,Club,D369,1,1
ClubD370,Club,D370,2,2
ClubD371,Club,D371,1,1
ClubD376,Club,D376,18,18
ClubD381,Club,D381,10,10
ClubUCSDX10,Club,UCSDX10,26,26
ClubUCSDX11,Club,UCSDX11,8,8
ClubUCSDX13,Club,UCSDX13,86,86
ClubUCSDX14,Club,UCSDX14,221,221
ClubUCSDX15,Club,UCSDX15,69,69
ClubUCSDX16,Club,UCSDX16,2,2
ClubUCSDX18,Club,UCSDX18,29,29
ClubUCSDX19,Club,UCSDX19,1,1
ClubUCSDX2,Club,UCSDX2,4,4
ClubUCSDX21,Club,UCSDX21,2,2
ClubUCSDX23,Club,UCSDX23,2,2
ClubUCSDX24,Club,UCSDX24,74,74
ClubUCSDX25,Club,UCSDX25,36,36
ClubUCSDX27,Club,UCSDX27,5,5
ClubUCSDX28,Club,UCSDX28,45,45
ClubUCSDX29,Club,UCSDX29,12,12
ClubUCSDX3,Club,UCSDX3,50,50
ClubUCSDX30,Club,UCSDX30,13,13
ClubUCSDX31,Club,UCSDX31,27,27
ClubUCSDX33,Club,UCSDX33,5,5
ClubUCSDX35,Club,UCSDX35,51,51
ClubUCSDX36,Club,UCSDX36,21,21
ClubUCSDX37,Club,UCSDX37,51,51
ClubUCSDX38,Club,UCSDX38,37,37
ClubUCSDX39,Club,UCSDX39,5,5
ClubUCSDX4,Club,UCSDX4,98,98
ClubUCSDX40,Club,UCSDX40,24,24
ClubUCSDX41,Club,UCSDX41,28,28
ClubUCSDX42,Club,UCSDX42,182,182
ClubUCSDX43,Club,UCSDX43,25,25
ClubUCSDX44,Club,UCSDX44,270,270
ClubUCSDX46,Club,UCSDX46,1,1
ClubUCSDX47,Club,UCSDX47,1,1
ClubUCSDX49,Club,UCSDX49,2,2
ClubUCSDX50,Club,UCSDX50,7,7
ClubUCSDX51,Club,UCSDX51,14,14
ClubUCSDX53,Club,UCSDX53,13,13
ClubUCSDX58,Club,UCSDX58,6,6
ClubUCSDX59,Club,UCSDX59,27,27
ClubUCSDX6,Club,UCSDX6,32,32
ClubUCSDX61,Club,UCSDX61,26,26
ClubUCSDX62,Club,UCSDX62,1,1
ClubUCSDX63,Club,UCSDX63,3,3
ClubUCSDX64,Club,UCSDX64,45,45
ClubUCSDX69,Club,UCSDX69,64,64
ClubUCSDX7,Club,UCSDX7,15,15
ClubUCSDX72,Club,UCSDX72,1,1
ClubUCSDX76,Club,UCSDX76,53,53
ClubUCSDX77,Club,UCSDX77,2,2
ClubUCSDX78,Club,UCSDX78,31,31
ClubUCSDX8,Club,UCSDX8,1,1
ClubUCSDX9,Club,UCSDX9,43,43
DCD042,DC,D042,8,8
DCD071,DC,D071,1,1
DCD122,DC,D122,16,16
DCD123,DC,D123,2,2
DCD176,DC,D176,3,3
DCD231,DC,D231,27,27
DCD239,DC,D239,2,2
DCD260,DC,D260,3,3
DCD265,DC,D265,122,122
DCD266,DC,D266,3,3
DCD271,DC,D271,4,4
DCD288,DC,D288,8,8
DCD291,DC,D291,2,2
DCD292,DC,D292,5,5
DCD294,DC,D294,15,15
DCD306,DC,D306,25,25
DCD312,DC,D312,9,9
DCD314,DC,D314,3,3
DCD315,DC,D315,3,3
DCD320,DC,D320,7,7
DCD332,DC,D332,7,7
DCD335,DC,D335,2,2
DCD339,DC,D339,54,54
DCD347,DC,D347,7,7
DCD355,DC,D355,9,9
DCD356,DC,D356,13,13
DCD357,DC,D357,3,3
DCD366,DC,D366,7,7
DCD369,DC,D369,4,4
DCD370,DC,D370,2,2
DCD376,DC,D376,2,2
DCD381,DC,D381,1,1
DCUCSDX10,DC,UCSDX10,4,4
DCUCSDX11,DC,UCSDX11,6,6
DCUCSDX13,DC,UCSDX13,98,98
DCUCSDX14,DC,UCSDX14,9,9
DCUCSDX15,DC,UCSDX15,13,13
DCUCSDX16,DC,UCSDX16,5,5
DCUCSDX18,DC,UCSDX18,8,8
DCUCSDX19,DC,UCSDX19,8,8
DCUCSDX2,DC,UCSDX2,33,33
DCUCSDX21,DC,UCSDX21,16,16
DCUCSDX23,DC,UCSDX23,1,1
DCUCSDX24,DC,UCSDX24,29,29
DCUCSDX25,DC,UCSDX25,46,46
DCUCSDX27,DC,UCSDX27,1,1
DCUCSDX29,DC,UCSDX29,11,11
DCUCSDX3,DC,UCSDX3,2,2
DCUCSDX30,DC,UCSDX30,63,63
DCUCSDX31,DC,UCSDX31,31,31
DCUCSDX33,DC,UCSDX33,48,48
DCUCSDX35,DC,UCSDX35,52,52
DCUCSDX36,DC,UCSDX36,24,24
DCUCSDX37,DC,UCSDX37,28,28
DCUCSDX38,DC,UCSDX38,49,49
DCUCSDX39,DC,UCSDX39,7,7
DCUCSDX4,DC,UCSDX4,26,26
DCUCSDX40,DC,UCSDX40,137,137
DCUCSDX41,DC,UCSDX41,18,18
DCUCSDX42,DC,UCSDX42,95,95
DCUCSDX43,DC,UCSDX43,9,9
DCUCSDX44,DC,UCSDX44,63,63
DCUCSDX49,DC,UCSDX49,1,1
DCUCSDX50,DC,UCSDX50,8,8
DCUCSDX51,DC,UCSDX51,14,14
DCUCSDX53,DC,UCSDX53,38,38
DCUCSDX58,DC,UCSDX58,10,10
DCUCSDX59,DC,UCSDX59,7,7
DCUCSDX6,DC,UCSDX6,17,17
DCUCSDX61,DC,UCSDX61,41,41
DCUCSDX62,DC,UCSDX62,6,6
DCUCSDX63,DC,UCSDX63,22,22
DCUCSDX64,DC,UCSDX64,16,16
DCUCSDX69,DC,UCSDX69,41,41
DCUCSDX7,DC,UCSDX7,12,12
DCUCSDX72,DC,UCSDX72,4,4
DCUCSDX76,DC,UCSDX76,29,29
DCUCSDX77,DC,UCSDX77,13,13
DCUCSDX78,DC,UCSDX78,16,16
DCUCSDX8,DC,UCSDX8,4,4
DCUCSDX9,DC,UCSDX9,20,20
Fibrotic.FBD042,Fibrotic.FB,D042,17,17
Fibrotic.FBD071,Fibrotic.FB,D071,1,1
Fibrotic.FBD122,Fibrotic.FB,D122,1,1
Fibrotic.FBD123,Fibrotic.FB,D123,25,25
Fibrotic.FBD176,Fibrotic.FB,D176,4,4
Fibrotic.FBD231,Fibrotic.FB,D231,67,54
Fibrotic.FBD239,Fibrotic.FB,D239,1,1
Fibrotic.FBD260,Fibrotic.FB,D260,9,9
Fibrotic.FBD265,Fibrotic.FB,D265,2,2
Fibrotic.FBD266,Fibrotic.FB,D266,50,49
Fibrotic.FBD288,Fibrotic.FB,D288,2,2
Fibrotic.FBD292,Fibrotic.FB,D292,2,2
Fibrotic.FBD294,Fibrotic.FB,D294,18,18
Fibrotic.FBD306,Fibrotic.FB,D306,18,18
Fibrotic.FBD312,Fibrotic.FB,D312,8,8
Fibrotic.FBD314,Fibrotic.FB,D314,16,16
Fibrotic.FBD320,Fibrotic.FB,D320,40,40
Fibrotic.FBD332,Fibrotic.FB,D332,80,58
Fibrotic.FBD339,Fibrotic.FB,D339,4,4
Fibrotic.FBD347,Fibrotic.FB,D347,13,13
Fibrotic.FBD355,Fibrotic.FB,D355,7,7
Fibrotic.FBD356,Fibrotic.FB,D356,21,21
Fibrotic.FBD357,Fibrotic.FB,D357,12,12
Fibrotic.FBD366,Fibrotic.FB,D366,3,3
Fibrotic.FBD369,Fibrotic.FB,D369,7,7
Fibrotic.FBD370,Fibrotic.FB,D370,8,8
Fibrotic.FBD381,Fibrotic.FB,D381,21,21
Fibrotic.FBUCSDX11,Fibrotic.FB,UCSDX11,1,1
Fibrotic.FBUCSDX13,Fibrotic.FB,UCSDX13,69,55
Fibrotic.FBUCSDX14,Fibrotic.FB,UCSDX14,12,12
Fibrotic.FBUCSDX15,Fibrotic.FB,UCSDX15,50,49
Fibrotic.FBUCSDX16,Fibrotic.FB,UCSDX16,15,15
Fibrotic.FBUCSDX18,Fibrotic.FB,UCSDX18,75,56
Fibrotic.FBUCSDX19,Fibrotic.FB,UCSDX19,11,11
Fibrotic.FBUCSDX2,Fibrotic.FB,UCSDX2,14,14
Fibrotic.FBUCSDX21,Fibrotic.FB,UCSDX21,2,2
Fibrotic.FBUCSDX23,Fibrotic.FB,UCSDX23,3,3
Fibrotic.FBUCSDX24,Fibrotic.FB,UCSDX24,39,39
Fibrotic.FBUCSDX28,Fibrotic.FB,UCSDX28,25,25
Fibrotic.FBUCSDX29,Fibrotic.FB,UCSDX29,123,67
Fibrotic.FBUCSDX3,Fibrotic.FB,UCSDX3,2,2
Fibrotic.FBUCSDX30,Fibrotic.FB,UCSDX30,48,48
Fibrotic.FBUCSDX31,Fibrotic.FB,UCSDX31,82,58
Fibrotic.FBUCSDX33,Fibrotic.FB,UCSDX33,2,2
Fibrotic.FBUCSDX35,Fibrotic.FB,UCSDX35,8,8
Fibrotic.FBUCSDX36,Fibrotic.FB,UCSDX36,58,52
Fibrotic.FBUCSDX37,Fibrotic.FB,UCSDX37,23,23
Fibrotic.FBUCSDX38,Fibrotic.FB,UCSDX38,187,187
Fibrotic.FBUCSDX39,Fibrotic.FB,UCSDX39,35,35
Fibrotic.FBUCSDX4,Fibrotic.FB,UCSDX4,49,49
Fibrotic.FBUCSDX40,Fibrotic.FB,UCSDX40,7,7
Fibrotic.FBUCSDX41,Fibrotic.FB,UCSDX41,97,61
Fibrotic.FBUCSDX42,Fibrotic.FB,UCSDX42,276,276
Fibrotic.FBUCSDX43,Fibrotic.FB,UCSDX43,122,110
Fibrotic.FBUCSDX44,Fibrotic.FB,UCSDX44,121,66
Fibrotic.FBUCSDX50,Fibrotic.FB,UCSDX50,3,3
Fibrotic.FBUCSDX51,Fibrotic.FB,UCSDX51,60,52
Fibrotic.FBUCSDX53,Fibrotic.FB,UCSDX53,20,20
Fibrotic.FBUCSDX59,Fibrotic.FB,UCSDX59,17,17
Fibrotic.FBUCSDX6,Fibrotic.FB,UCSDX6,7,7
Fibrotic.FBUCSDX61,Fibrotic.FB,UCSDX61,266,266
Fibrotic.FBUCSDX62,Fibrotic.FB,UCSDX62,23,23
Fibrotic.FBUCSDX63,Fibrotic.FB,UCSDX63,11,11
Fibrotic.FBUCSDX64,Fibrotic.FB,UCSDX64,405,405
Fibrotic.FBUCSDX69,Fibrotic.FB,UCSDX69,96,61
Fibrotic.FBUCSDX7,Fibrotic.FB,UCSDX7,5,5
Fibrotic.FBUCSDX72,Fibrotic.FB,UCSDX72,1,1
Fibrotic.FBUCSDX76,Fibrotic.FB,UCSDX76,70,55
Fibrotic.FBUCSDX77,Fibrotic.FB,UCSDX77,4,4
Fibrotic.FBUCSDX78,Fibrotic.FB,UCSDX78,114,65
Fibrotic.FBUCSDX8,Fibrotic.FB,UCSDX8,1,1
Fibrotic.FBUCSDX9,Fibrotic.FB,UCSDX9,10,10
GobletD042,Goblet,D042,26,26
GobletD071,Goblet,D071,5,5
GobletD116,Goblet,D116,4,4
GobletD122,Goblet,D122,124,50
GobletD123,Goblet,D123,4,4
GobletD176,Goblet,D176,37,33
GobletD231,Goblet,D231,30,30
GobletD239,Goblet,D239,2,2
GobletD260,Goblet,D260,5,5
GobletD265,Goblet,D265,4,4
GobletD266,Goblet,D266,2,2
GobletD271,Goblet,D271,6,6
GobletD283,Goblet,D283,5,5
GobletD288,Goblet,D288,45,36
GobletD291,Goblet,D291,9,9
GobletD292,Goblet,D292,17,17
GobletD294,Goblet,D294,57,39
GobletD306,Goblet,D306,67,41
GobletD311,Goblet,D311,3,3
GobletD312,Goblet,D312,14,14
GobletD314,Goblet,D314,65,40
GobletD315,Goblet,D315,36,33
GobletD320,Goblet,D320,1,1
GobletD332,Goblet,D332,20,20
GobletD335,Goblet,D335,60,39
GobletD339,Goblet,D339,50,37
GobletD347,Goblet,D347,19,19
GobletD351,Goblet,D351,1,1
GobletD355,Goblet,D355,14,14
GobletD356,Goblet,D356,9,9
GobletD357,Goblet,D357,15,15
GobletD366,Goblet,D366,30,30
GobletD369,Goblet,D369,2,2
GobletD370,Goblet,D370,4,4
GobletD371,Goblet,D371,3,3
GobletD376,Goblet,D376,91,45
GobletD381,Goblet,D381,8,8
GobletUCSDX10,Goblet,UCSDX10,72,42
GobletUCSDX11,Goblet,UCSDX11,15,15
GobletUCSDX13,Goblet,UCSDX13,158,54
GobletUCSDX14,Goblet,UCSDX14,360,82
GobletUCSDX15,Goblet,UCSDX15,171,56
GobletUCSDX16,Goblet,UCSDX16,1,1
GobletUCSDX18,Goblet,UCSDX18,55,38
GobletUCSDX19,Goblet,UCSDX19,10,10
GobletUCSDX2,Goblet,UCSDX2,36,33
GobletUCSDX20,Goblet,UCSDX20,1,1
GobletUCSDX21,Goblet,UCSDX21,4,4
GobletUCSDX23,Goblet,UCSDX23,5,5
GobletUCSDX24,Goblet,UCSDX24,131,51
GobletUCSDX25,Goblet,UCSDX25,66,41
GobletUCSDX27,Goblet,UCSDX27,7,7
GobletUCSDX28,Goblet,UCSDX28,32,32
GobletUCSDX29,Goblet,UCSDX29,28,28
GobletUCSDX3,Goblet,UCSDX3,77,43
GobletUCSDX30,Goblet,UCSDX30,36,33
GobletUCSDX31,Goblet,UCSDX31,73,42
GobletUCSDX33,Goblet,UCSDX33,13,13
GobletUCSDX35,Goblet,UCSDX35,107,48
GobletUCSDX36,Goblet,UCSDX36,44,35
GobletUCSDX37,Goblet,UCSDX37,90,45
GobletUCSDX38,Goblet,UCSDX38,97,46
GobletUCSDX39,Goblet,UCSDX39,7,7
GobletUCSDX4,Goblet,UCSDX4,152,54
GobletUCSDX40,Goblet,UCSDX40,47,36
GobletUCSDX41,Goblet,UCSDX41,49,37
GobletUCSDX42,Goblet,UCSDX42,157,54
GobletUCSDX43,Goblet,UCSDX43,42,35
GobletUCSDX44,Goblet,UCSDX44,611,611
GobletUCSDX46,Goblet,UCSDX46,1,1
GobletUCSDX47,Goblet,UCSDX47,2,2
GobletUCSDX49,Goblet,UCSDX49,3,3
GobletUCSDX50,Goblet,UCSDX50,16,16
GobletUCSDX51,Goblet,UCSDX51,8,8
GobletUCSDX53,Goblet,UCSDX53,40,34
GobletUCSDX58,Goblet,UCSDX58,18,18
GobletUCSDX59,Goblet,UCSDX59,31,31
GobletUCSDX6,Goblet,UCSDX6,40,34
GobletUCSDX61,Goblet,UCSDX61,45,36
GobletUCSDX62,Goblet,UCSDX62,6,6
GobletUCSDX63,Goblet,UCSDX63,3,3
GobletUCSDX64,Goblet,UCSDX64,72,42
GobletUCSDX69,Goblet,UCSDX69,199,59
GobletUCSDX7,Goblet,UCSDX7,6,6
GobletUCSDX72,Goblet,UCSDX72,2,2
GobletUCSDX76,Goblet,UCSDX76,141,52
GobletUCSDX77,Goblet,UCSDX77,9,9
GobletUCSDX78,Goblet,UCSDX78,87,45
GobletUCSDX8,Goblet,UCSDX8,6,6
GobletUCSDX9,Goblet,UCSDX9,160,55
IMD042,IM,D042,25,25
IMD071,IM,D071,3,3
IMD122,IM,D122,12,12
IMD123,IM,D123,3,3
IMD176,IM,D176,7,7
IMD231,IM,D231,56,38
IMD260,IM,D260,19,19
IMD265,IM,D265,77,43
IMD266,IM,D266,10,10
IMD283,IM,D283,5,5
IMD288,IM,D288,7,7
IMD291,IM,D291,7,7
IMD292,IM,D292,36,33
IMD294,IM,D294,15,15
IMD306,IM,D306,72,42
IMD311,IM,D311,1,1
IMD312,IM,D312,19,19
IMD314,IM,D314,18,18
IMD315,IM,D315,6,6
IMD320,IM,D320,36,33
IMD332,IM,D332,17,17
IMD335,IM,D335,4,4
IMD339,IM,D339,156,54
IMD347,IM,D347,44,35
IMD355,IM,D355,27,27
IMD356,IM,D356,35,33
IMD357,IM,D357,21,21
IMD366,IM,D366,21,21
IMD369,IM,D369,44,35
IMD370,IM,D370,19,19
IMD376,IM,D376,1,1
IMD381,IM,D381,10,10
IMUCSDX10,IM,UCSDX10,5,5
IMUCSDX11,IM,UCSDX11,23,23
IMUCSDX13,IM,UCSDX13,79,43
IMUCSDX14,IM,UCSDX14,32,32
IMUCSDX15,IM,UCSDX15,82,43
IMUCSDX18,IM,UCSDX18,28,28
IMUCSDX19,IM,UCSDX19,50,37
IMUCSDX2,IM,UCSDX2,5,5
IMUCSDX21,IM,UCSDX21,21,21
IMUCSDX23,IM,UCSDX23,3,3
IMUCSDX24,IM,UCSDX24,21,21
IMUCSDX25,IM,UCSDX25,204,59
IMUCSDX27,IM,UCSDX27,7,7
IMUCSDX28,IM,UCSDX28,19,19
IMUCSDX29,IM,UCSDX29,911,488
IMUCSDX3,IM,UCSDX3,9,9
IMUCSDX30,IM,UCSDX30,204,59
IMUCSDX31,IM,UCSDX31,41,34
IMUCSDX33,IM,UCSDX33,114,49
IMUCSDX35,IM,UCSDX35,302,67
IMUCSDX36,IM,UCSDX36,185,57
IMUCSDX37,IM,UCSDX37,190,58
IMUCSDX38,IM,UCSDX38,136,51
IMUCSDX39,IM,UCSDX39,38,34
IMUCSDX4,IM,UCSDX4,88,45
IMUCSDX40,IM,UCSDX40,71,41
IMUCSDX41,IM,UCSDX41,210,59
IMUCSDX42,IM,UCSDX42,202,59
IMUCSDX43,IM,UCSDX43,9,9
IMUCSDX44,IM,UCSDX44,231,61
IMUCSDX50,IM,UCSDX50,37,33
IMUCSDX51,IM,UCSDX51,90,45
IMUCSDX53,IM,UCSDX53,29,29
IMUCSDX58,IM,UCSDX58,12,12
IMUCSDX59,IM,UCSDX59,70,41
IMUCSDX6,IM,UCSDX6,41,34
IMUCSDX61,IM,UCSDX61,92,45
IMUCSDX62,IM,UCSDX62,11,11
IMUCSDX63,IM,UCSDX63,54,38
IMUCSDX64,IM,UCSDX64,69,41
IMUCSDX69,IM,UCSDX69,93,45
IMUCSDX7,IM,UCSDX7,50,37
IMUCSDX72,IM,UCSDX72,46,36
IMUCSDX76,IM,UCSDX76,115,49
IMUCSDX77,IM,UCSDX77,43,35
IMUCSDX78,IM,UCSDX78,81,43
IMUCSDX8,IM,UCSDX8,3,3
IMUCSDX9,IM,UCSDX9,56,38
LECD042,LEC,D042,39,39
LECD071,LEC,D071,3,3
LECD122,LEC,D122,19,19
LECD123,LEC,D123,14,14
LECD176,LEC,D176,32,32
LECD231,LEC,D231,13,13
LECD239,LEC,D239,7,7
LECD260,LEC,D260,3,3
LECD265,LEC,D265,223,223
LECD266,LEC,D266,4,4
LECD271,LEC,D271,1,1
LECD283,LEC,D283,4,4
LECD288,LEC,D288,20,20
LECD291,LEC,D291,17,17
LECD292,LEC,D292,15,15
LECD294,LEC,D294,9,9
LECD306,LEC,D306,42,42
LECD311,LEC,D311,3,3
LECD312,LEC,D312,11,11
LECD314,LEC,D314,47,47
LECD315,LEC,D315,4,4
LECD320,LEC,D320,4,4
LECD332,LEC,D332,7,7
LECD335,LEC,D335,3,3
LECD339,LEC,D339,162,162
LECD347,LEC,D347,68,68
LECD351,LEC,D351,1,1
LECD355,LEC,D355,19,19
LECD356,LEC,D356,44,44
LECD357,LEC,D357,8,8
LECD366,LEC,D366,6,6
LECD369,LEC,D369,20,20
LECD370,LEC,D370,10,10
LECD376,LEC,D376,3,3
LECD381,LEC,D381,6,6
LECUCSDX10,LEC,UCSDX10,4,4
LECUCSDX11,LEC,UCSDX11,9,9
LECUCSDX13,LEC,UCSDX13,41,41
LECUCSDX14,LEC,UCSDX14,10,10
LECUCSDX15,LEC,UCSDX15,29,29
LECUCSDX16,LEC,UCSDX16,20,20
LECUCSDX18,LEC,UCSDX18,10,10
LECUCSDX19,LEC,UCSDX19,255,255
LECUCSDX2,LEC,UCSDX2,9,9
LECUCSDX21,LEC,UCSDX21,5,5
LECUCSDX23,LEC,UCSDX23,9,9
LECUCSDX24,LEC,UCSDX24,30,30
LECUCSDX25,LEC,UCSDX25,7,7
LECUCSDX27,LEC,UCSDX27,2,2
LECUCSDX28,LEC,UCSDX28,29,29
LECUCSDX29,LEC,UCSDX29,84,84
LECUCSDX3,LEC,UCSDX3,1,1
LECUCSDX30,LEC,UCSDX30,13,13
LECUCSDX31,LEC,UCSDX31,96,96
LECUCSDX33,LEC,UCSDX33,12,12
LECUCSDX35,LEC,UCSDX35,14,14
LECUCSDX36,LEC,UCSDX36,15,15
LECUCSDX37,LEC,UCSDX37,7,7
LECUCSDX38,LEC,UCSDX38,75,75
LECUCSDX39,LEC,UCSDX39,10,10
LECUCSDX4,LEC,UCSDX4,8,8
LECUCSDX40,LEC,UCSDX40,72,72
LECUCSDX41,LEC,UCSDX41,23,23
LECUCSDX42,LEC,UCSDX42,93,93
LECUCSDX43,LEC,UCSDX43,70,70
LECUCSDX44,LEC,UCSDX44,91,91
LECUCSDX46,LEC,UCSDX46,1,1
LECUCSDX47,LEC,UCSDX47,4,4
LECUCSDX49,LEC,UCSDX49,1,1
LECUCSDX50,LEC,UCSDX50,45,45
LECUCSDX51,LEC,UCSDX51,182,182
LECUCSDX52,LEC,UCSDX52,5,5
LECUCSDX53,LEC,UCSDX53,71,71
LECUCSDX58,LEC,UCSDX58,28,28
LECUCSDX59,LEC,UCSDX59,9,9
LECUCSDX6,LEC,UCSDX6,17,17
LECUCSDX61,LEC,UCSDX61,19,19
LECUCSDX62,LEC,UCSDX62,34,34
LECUCSDX63,LEC,UCSDX63,7,7
LECUCSDX64,LEC,UCSDX64,35,35
LECUCSDX69,LEC,UCSDX69,22,22
LECUCSDX7,LEC,UCSDX7,125,125
LECUCSDX72,LEC,UCSDX72,10,10
LECUCSDX76,LEC,UCSDX76,18,18
LECUCSDX77,LEC,UCSDX77,11,11
LECUCSDX78,LEC,UCSDX78,32,32
LECUCSDX8,LEC,UCSDX8,8,8
LECUCSDX9,LEC,UCSDX9,30,30
MastD042,Mast,D042,1,1
MastD071,Mast,D071,1,1
MastD122,Mast,D122,2,2
MastD123,Mast,D123,2,2
MastD231,Mast,D231,20,20
MastD260,Mast,D260,8,8
MastD265,Mast,D265,32,32
MastD266,Mast,D266,17,17
MastD288,Mast,D288,5,5
MastD292,Mast,D292,29,29
MastD294,Mast,D294,4,4
MastD306,Mast,D306,13,13
MastD312,Mast,D312,6,6
MastD314,Mast,D314,2,2
MastD315,Mast,D315,1,1
MastD320,Mast,D320,17,17
MastD332,Mast,D332,42,42
MastD347,Mast,D347,1,1
MastD355,Mast,D355,27,27
MastD356,Mast,D356,72,72
MastD366,Mast,D366,7,7
MastD369,Mast,D369,6,6
MastD370,Mast,D370,12,12
MastUCSDX10,Mast,UCSDX10,1,1
MastUCSDX11,Mast,UCSDX11,20,20
MastUCSDX13,Mast,UCSDX13,63,63
MastUCSDX15,Mast,UCSDX15,12,12
MastUCSDX16,Mast,UCSDX16,5,5
MastUCSDX18,Mast,UCSDX18,9,9
MastUCSDX19,Mast,UCSDX19,11,11
MastUCSDX2,Mast,UCSDX2,10,10
MastUCSDX23,Mast,UCSDX23,2,2
MastUCSDX25,Mast,UCSDX25,24,24
MastUCSDX28,Mast,UCSDX28,9,9
MastUCSDX29,Mast,UCSDX29,21,21
MastUCSDX3,Mast,UCSDX3,1,1
MastUCSDX30,Mast,UCSDX30,25,25
MastUCSDX31,Mast,UCSDX31,6,6
MastUCSDX33,Mast,UCSDX33,40,40
MastUCSDX35,Mast,UCSDX35,4,4
MastUCSDX36,Mast,UCSDX36,13,13
MastUCSDX37,Mast,UCSDX37,6,6
MastUCSDX38,Mast,UCSDX38,5,5
MastUCSDX39,Mast,UCSDX39,6,6
MastUCSDX4,Mast,UCSDX4,5,5
MastUCSDX40,Mast,UCSDX40,50,50
MastUCSDX41,Mast,UCSDX41,9,9
MastUCSDX42,Mast,UCSDX42,23,23
MastUCSDX43,Mast,UCSDX43,24,24
MastUCSDX44,Mast,UCSDX44,17,17
MastUCSDX49,Mast,UCSDX49,1,1
MastUCSDX50,Mast,UCSDX50,5,5
MastUCSDX51,Mast,UCSDX51,13,13
MastUCSDX52,Mast,UCSDX52,1,1
MastUCSDX53,Mast,UCSDX53,4,4
MastUCSDX58,Mast,UCSDX58,3,3
MastUCSDX59,Mast,UCSDX59,10,10
MastUCSDX6,Mast,UCSDX6,16,16
MastUCSDX61,Mast,UCSDX61,39,39
MastUCSDX62,Mast,UCSDX62,10,10
MastUCSDX63,Mast,UCSDX63,13,13
MastUCSDX64,Mast,UCSDX64,17,17
MastUCSDX69,Mast,UCSDX69,70,70
MastUCSDX7,Mast,UCSDX7,3,3
MastUCSDX72,Mast,UCSDX72,28,28
MastUCSDX76,Mast,UCSDX76,28,28
MastUCSDX77,Mast,UCSDX77,23,23
MastUCSDX78,Mast,UCSDX78,38,38
MastUCSDX8,Mast,UCSDX8,1,1
MastUCSDX9,Mast,UCSDX9,4,4
MesotheliumD071,Mesothelium,D071,1,1
MesotheliumD231,Mesothelium,D231,1,1
MesotheliumD260,Mesothelium,D260,2,2
MesotheliumD265,Mesothelium,D265,4,4
MesotheliumD283,Mesothelium,D283,2,2
MesotheliumD291,Mesothelium,D291,1,1
MesotheliumD292,Mesothelium,D292,9,9
MesotheliumD294,Mesothelium,D294,1,1
MesotheliumD306,Mesothelium,D306,6,6
MesotheliumD314,Mesothelium,D314,3,3
MesotheliumD320,Mesothelium,D320,1,1
MesotheliumD332,Mesothelium,D332,1,1
MesotheliumD335,Mesothelium,D335,1,1
MesotheliumD339,Mesothelium,D339,2,2
MesotheliumD347,Mesothelium,D347,1,1
MesotheliumD355,Mesothelium,D355,1,1
MesotheliumD357,Mesothelium,D357,3,3
MesotheliumD366,Mesothelium,D366,2,2
MesotheliumD369,Mesothelium,D369,1,1
MesotheliumD370,Mesothelium,D370,3,3
MesotheliumD376,Mesothelium,D376,3,3
MesotheliumD381,Mesothelium,D381,8,8
MesotheliumUCSDX13,Mesothelium,UCSDX13,16,16
MesotheliumUCSDX15,Mesothelium,UCSDX15,18,18
MesotheliumUCSDX18,Mesothelium,UCSDX18,3,3
MesotheliumUCSDX19,Mesothelium,UCSDX19,10,10
MesotheliumUCSDX2,Mesothelium,UCSDX2,6,6
MesotheliumUCSDX20,Mesothelium,UCSDX20,1,1
MesotheliumUCSDX21,Mesothelium,UCSDX21,1,1
MesotheliumUCSDX23,Mesothelium,UCSDX23,1,1
MesotheliumUCSDX24,Mesothelium,UCSDX24,9,9
MesotheliumUCSDX25,Mesothelium,UCSDX25,1,1
MesotheliumUCSDX28,Mesothelium,UCSDX28,3,3
MesotheliumUCSDX3,Mesothelium,UCSDX3,1,1
MesotheliumUCSDX30,Mesothelium,UCSDX30,1,1
MesotheliumUCSDX31,Mesothelium,UCSDX31,7,7
MesotheliumUCSDX33,Mesothelium,UCSDX33,63,63
MesotheliumUCSDX35,Mesothelium,UCSDX35,1,1
MesotheliumUCSDX36,Mesothelium,UCSDX36,2,2
MesotheliumUCSDX40,Mesothelium,UCSDX40,1,1
MesotheliumUCSDX41,Mesothelium,UCSDX41,41,41
MesotheliumUCSDX42,Mesothelium,UCSDX42,150,150
MesotheliumUCSDX50,Mesothelium,UCSDX50,1,1
MesotheliumUCSDX51,Mesothelium,UCSDX51,1,1
MesotheliumUCSDX53,Mesothelium,UCSDX53,2,2
MesotheliumUCSDX59,Mesothelium,UCSDX59,3,3
MesotheliumUCSDX6,Mesothelium,UCSDX6,7,7
MesotheliumUCSDX63,Mesothelium,UCSDX63,6,6
MesotheliumUCSDX64,Mesothelium,UCSDX64,1,1
MesotheliumUCSDX7,Mesothelium,UCSDX7,1,1
MesotheliumUCSDX72,Mesothelium,UCSDX72,22,22
MesotheliumUCSDX76,Mesothelium,UCSDX76,11,11
MesotheliumUCSDX77,Mesothelium,UCSDX77,18,18
MesotheliumUCSDX78,Mesothelium,UCSDX78,1,1
MesotheliumUCSDX9,Mesothelium,UCSDX9,2,2
MOND042,MON,D042,5,5
MOND071,MON,D071,13,13
MOND116,MON,D116,8,8
MOND122,MON,D122,298,62
MOND123,MON,D123,35,30
MOND176,MON,D176,32,29
MOND231,MON,D231,60,36
MOND239,MON,D239,23,23
MOND260,MON,D260,46,33
MOND265,MON,D265,331,95
MOND266,MON,D266,19,19
MOND271,MON,D271,2,2
MOND283,MON,D283,1,1
MOND288,MON,D288,160,50
MOND291,MON,D291,56,35
MOND292,MON,D292,66,37
MOND294,MON,D294,25,25
MOND306,MON,D306,40,32
MOND311,MON,D311,2,2
MOND312,MON,D312,40,32
MOND314,MON,D314,445,445
MOND315,MON,D315,7,7
MOND320,MON,D320,14,14
MOND332,MON,D332,282,61
MOND335,MON,D335,3,3
MOND339,MON,D339,191,53
MOND347,MON,D347,160,50
MOND355,MON,D355,32,29
MOND356,MON,D356,87,41
MOND357,MON,D357,38,31
MOND366,MON,D366,100,43
MOND369,MON,D369,32,29
MOND370,MON,D370,18,18
MOND376,MON,D376,5,5
MOND381,MON,D381,31,29
MONUCSDX10,MON,UCSDX10,3,3
MONUCSDX11,MON,UCSDX11,3,3
MONUCSDX13,MON,UCSDX13,74,39
MONUCSDX14,MON,UCSDX14,20,20
MONUCSDX15,MON,UCSDX15,17,17
MONUCSDX16,MON,UCSDX16,7,7
MONUCSDX18,MON,UCSDX18,13,13
MONUCSDX19,MON,UCSDX19,148,49
MONUCSDX2,MON,UCSDX2,28,28
MONUCSDX20,MON,UCSDX20,1,1
MONUCSDX21,MON,UCSDX21,7,7
MONUCSDX23,MON,UCSDX23,6,6
MONUCSDX24,MON,UCSDX24,22,22
MONUCSDX25,MON,UCSDX25,48,34
MONUCSDX27,MON,UCSDX27,8,8
MONUCSDX28,MON,UCSDX28,117,45
MONUCSDX29,MON,UCSDX29,156,50
MONUCSDX3,MON,UCSDX3,37,31
MONUCSDX30,MON,UCSDX30,92,42
MONUCSDX31,MON,UCSDX31,43,32
MONUCSDX33,MON,UCSDX33,24,24
MONUCSDX35,MON,UCSDX35,99,43
MONUCSDX36,MON,UCSDX36,165,51
MONUCSDX37,MON,UCSDX37,188,53
MONUCSDX38,MON,UCSDX38,104,44
MONUCSDX39,MON,UCSDX39,14,14
MONUCSDX4,MON,UCSDX4,21,21
MONUCSDX40,MON,UCSDX40,235,57
MONUCSDX41,MON,UCSDX41,198,54
MONUCSDX42,MON,UCSDX42,142,48
MONUCSDX43,MON,UCSDX43,21,21
MONUCSDX44,MON,UCSDX44,212,55
MONUCSDX46,MON,UCSDX46,1,1
MONUCSDX47,MON,UCSDX47,1,1
MONUCSDX49,MON,UCSDX49,1,1
MONUCSDX50,MON,UCSDX50,93,42
MONUCSDX51,MON,UCSDX51,190,53
MONUCSDX52,MON,UCSDX52,4,4
MONUCSDX53,MON,UCSDX53,46,33
MONUCSDX58,MON,UCSDX58,34,30
MONUCSDX59,MON,UCSDX59,24,24
MONUCSDX6,MON,UCSDX6,11,11
MONUCSDX61,MON,UCSDX61,12,12
MONUCSDX62,MON,UCSDX62,4,4
MONUCSDX63,MON,UCSDX63,7,7
MONUCSDX64,MON,UCSDX64,23,23
MONUCSDX69,MON,UCSDX69,10,10
MONUCSDX7,MON,UCSDX7,120,46
MONUCSDX72,MON,UCSDX72,7,7
MONUCSDX76,MON,UCSDX76,13,13
MONUCSDX77,MON,UCSDX77,4,4
MONUCSDX78,MON,UCSDX78,22,22
MONUCSDX8,MON,UCSDX8,29,28
MONUCSDX9,MON,UCSDX9,20,20
MulticiliatedD042,Multiciliated,D042,177,43
MulticiliatedD071,Multiciliated,D071,10,10
MulticiliatedD116,Multiciliated,D116,13,13
MulticiliatedD122,Multiciliated,D122,356,55
MulticiliatedD123,Multiciliated,D123,22,22
MulticiliatedD176,Multiciliated,D176,365,55
MulticiliatedD231,Multiciliated,D231,155,42
MulticiliatedD239,Multiciliated,D239,2,2
MulticiliatedD260,Multiciliated,D260,7,7
MulticiliatedD265,Multiciliated,D265,156,42
MulticiliatedD266,Multiciliated,D266,4,4
MulticiliatedD271,Multiciliated,D271,28,23
MulticiliatedD283,Multiciliated,D283,76,33
MulticiliatedD288,Multiciliated,D288,26,23
MulticiliatedD291,Multiciliated,D291,36,25
MulticiliatedD292,Multiciliated,D292,85,34
MulticiliatedD294,Multiciliated,D294,19,19
MulticiliatedD305,Multiciliated,D305,3,3
MulticiliatedD306,Multiciliated,D306,308,52
MulticiliatedD311,Multiciliated,D311,2,2
MulticiliatedD312,Multiciliated,D312,82,34
MulticiliatedD314,Multiciliated,D314,213,46
MulticiliatedD315,Multiciliated,D315,20,20
MulticiliatedD320,Multiciliated,D320,32,24
MulticiliatedD332,Multiciliated,D332,5,5
MulticiliatedD335,Multiciliated,D335,187,44
MulticiliatedD339,Multiciliated,D339,950,319
MulticiliatedD347,Multiciliated,D347,84,34
MulticiliatedD351,Multiciliated,D351,1,1
MulticiliatedD355,Multiciliated,D355,135,40
MulticiliatedD356,Multiciliated,D356,7,7
MulticiliatedD357,Multiciliated,D357,6,6
MulticiliatedD366,Multiciliated,D366,7,7
MulticiliatedD369,Multiciliated,D369,10,10
MulticiliatedD370,Multiciliated,D370,19,19
MulticiliatedD371,Multiciliated,D371,4,4
MulticiliatedD376,Multiciliated,D376,54,29
MulticiliatedD381,Multiciliated,D381,26,23
MulticiliatedUCSDX10,Multiciliated,UCSDX10,47,28
MulticiliatedUCSDX11,Multiciliated,UCSDX11,108,37
MulticiliatedUCSDX13,Multiciliated,UCSDX13,116,38
MulticiliatedUCSDX14,Multiciliated,UCSDX14,866,74
MulticiliatedUCSDX15,Multiciliated,UCSDX15,187,44
MulticiliatedUCSDX16,Multiciliated,UCSDX16,2,2
MulticiliatedUCSDX18,Multiciliated,UCSDX18,290,51
MulticiliatedUCSDX19,Multiciliated,UCSDX19,41,27
MulticiliatedUCSDX2,Multiciliated,UCSDX2,37,26
MulticiliatedUCSDX21,Multiciliated,UCSDX21,2,2
MulticiliatedUCSDX23,Multiciliated,UCSDX23,25,23
MulticiliatedUCSDX24,Multiciliated,UCSDX24,372,56
MulticiliatedUCSDX25,Multiciliated,UCSDX25,66,31
MulticiliatedUCSDX27,Multiciliated,UCSDX27,10,10
MulticiliatedUCSDX28,Multiciliated,UCSDX28,19,19
MulticiliatedUCSDX29,Multiciliated,UCSDX29,22,22
MulticiliatedUCSDX3,Multiciliated,UCSDX3,84,34
MulticiliatedUCSDX30,Multiciliated,UCSDX30,5,5
MulticiliatedUCSDX31,Multiciliated,UCSDX31,27,23
MulticiliatedUCSDX33,Multiciliated,UCSDX33,23,22
MulticiliatedUCSDX35,Multiciliated,UCSDX35,42,27
MulticiliatedUCSDX36,Multiciliated,UCSDX36,89,34
MulticiliatedUCSDX37,Multiciliated,UCSDX37,68,32
MulticiliatedUCSDX38,Multiciliated,UCSDX38,107,37
MulticiliatedUCSDX39,Multiciliated,UCSDX39,11,11
MulticiliatedUCSDX4,Multiciliated,UCSDX4,241,48
MulticiliatedUCSDX40,Multiciliated,UCSDX40,336,54
MulticiliatedUCSDX41,Multiciliated,UCSDX41,72,32
MulticiliatedUCSDX42,Multiciliated,UCSDX42,798,72
MulticiliatedUCSDX43,Multiciliated,UCSDX43,71,32
MulticiliatedUCSDX44,Multiciliated,UCSDX44,633,66
MulticiliatedUCSDX46,Multiciliated,UCSDX46,2,2
MulticiliatedUCSDX49,Multiciliated,UCSDX49,3,3
MulticiliatedUCSDX50,Multiciliated,UCSDX50,88,34
MulticiliatedUCSDX51,Multiciliated,UCSDX51,15,15
MulticiliatedUCSDX52,Multiciliated,UCSDX52,2,2
MulticiliatedUCSDX53,Multiciliated,UCSDX53,33,25
MulticiliatedUCSDX58,Multiciliated,UCSDX58,125,39
MulticiliatedUCSDX59,Multiciliated,UCSDX59,111,37
MulticiliatedUCSDX6,Multiciliated,UCSDX6,218,47
MulticiliatedUCSDX61,Multiciliated,UCSDX61,33,25
MulticiliatedUCSDX62,Multiciliated,UCSDX62,12,12
MulticiliatedUCSDX63,Multiciliated,UCSDX63,14,14
MulticiliatedUCSDX64,Multiciliated,UCSDX64,512,62
MulticiliatedUCSDX69,Multiciliated,UCSDX69,511,62
MulticiliatedUCSDX7,Multiciliated,UCSDX7,11,11
MulticiliatedUCSDX72,Multiciliated,UCSDX72,5,5
MulticiliatedUCSDX76,Multiciliated,UCSDX76,428,58
MulticiliatedUCSDX77,Multiciliated,UCSDX77,19,19
MulticiliatedUCSDX78,Multiciliated,UCSDX78,193,45
MulticiliatedUCSDX8,Multiciliated,UCSDX8,3,3
MulticiliatedUCSDX9,Multiciliated,UCSDX9,256,49
Myeloid.pD042,Myeloid.p,D042,1,1
Myeloid.pD122,Myeloid.p,D122,1,1
Myeloid.pD176,Myeloid.p,D176,1,1
Myeloid.pD231,Myeloid.p,D231,17,17
Myeloid.pD266,Myeloid.p,D266,1,1
Myeloid.pD292,Myeloid.p,D292,1,1
Myeloid.pD306,Myeloid.p,D306,61,61
Myeloid.pD370,Myeloid.p,D370,11,11
Myeloid.pUCSDX14,Myeloid.p,UCSDX14,1,1
Myeloid.pUCSDX21,Myeloid.p,UCSDX21,1,1
Myeloid.pUCSDX23,Myeloid.p,UCSDX23,2,2
Myeloid.pUCSDX24,Myeloid.p,UCSDX24,1,1
Myeloid.pUCSDX28,Myeloid.p,UCSDX28,1,1
Myeloid.pUCSDX29,Myeloid.p,UCSDX29,4,4
Myeloid.pUCSDX31,Myeloid.p,UCSDX31,2,2
Myeloid.pUCSDX33,Myeloid.p,UCSDX33,2,2
Myeloid.pUCSDX37,Myeloid.p,UCSDX37,1,1
Myeloid.pUCSDX38,Myeloid.p,UCSDX38,2,2
Myeloid.pUCSDX4,Myeloid.p,UCSDX4,1,1
Myeloid.pUCSDX40,Myeloid.p,UCSDX40,2,2
Myeloid.pUCSDX42,Myeloid.p,UCSDX42,4,4
Myeloid.pUCSDX53,Myeloid.p,UCSDX53,1,1
Myeloid.pUCSDX59,Myeloid.p,UCSDX59,3,3
Myeloid.pUCSDX61,Myeloid.p,UCSDX61,1,1
Myeloid.pUCSDX63,Myeloid.p,UCSDX63,1,1
Myeloid.pUCSDX64,Myeloid.p,UCSDX64,3,3
Myeloid.pUCSDX69,Myeloid.p,UCSDX69,7,7
Myeloid.pUCSDX72,Myeloid.p,UCSDX72,1,1
Myeloid.pUCSDX76,Myeloid.p,UCSDX76,3,3
Myeloid.pUCSDX77,Myeloid.p,UCSDX77,3,3
Myeloid.pUCSDX78,Myeloid.p,UCSDX78,1,1
Myeloid.pUCSDX9,Myeloid.p,UCSDX9,8,8
NKD042,NK,D042,1,1
NKD071,NK,D071,5,5
NKD116,NK,D116,2,2
NKD122,NK,D122,47,40
NKD176,NK,D176,2,2
NKD231,NK,D231,63,44
NKD239,NK,D239,1,1
NKD260,NK,D260,41,38
NKD265,NK,D265,130,56
NKD266,NK,D266,48,40
NKD271,NK,D271,3,3
NKD283,NK,D283,3,3
NKD288,NK,D288,76,47
NKD291,NK,D291,1,1
NKD292,NK,D292,148,58
NKD294,NK,D294,84,48
NKD306,NK,D306,26,26
NKD312,NK,D312,41,38
NKD314,NK,D314,74,46
NKD315,NK,D315,7,7
NKD320,NK,D320,16,16
NKD332,NK,D332,69,45
NKD335,NK,D335,1,1
NKD339,NK,D339,36,36
NKD347,NK,D347,135,56
NKD355,NK,D355,25,25
NKD356,NK,D356,17,17
NKD357,NK,D357,5,5
NKD366,NK,D366,43,39
NKD369,NK,D369,38,37
NKD370,NK,D370,22,22
NKD371,NK,D371,5,5
NKD376,NK,D376,2,2
NKD381,NK,D381,7,7
NKUCSDX10,NK,UCSDX10,2,2
NKUCSDX11,NK,UCSDX11,10,10
NKUCSDX13,NK,UCSDX13,98,51
NKUCSDX14,NK,UCSDX14,21,21
NKUCSDX15,NK,UCSDX15,2,2
NKUCSDX16,NK,UCSDX16,6,6
NKUCSDX18,NK,UCSDX18,2,2
NKUCSDX19,NK,UCSDX19,11,11
NKUCSDX2,NK,UCSDX2,52,41
NKUCSDX20,NK,UCSDX20,2,2
NKUCSDX21,NK,UCSDX21,13,13
NKUCSDX23,NK,UCSDX23,21,21
NKUCSDX24,NK,UCSDX24,17,17
NKUCSDX25,NK,UCSDX25,351,351
NKUCSDX27,NK,UCSDX27,3,3
NKUCSDX28,NK,UCSDX28,12,12
NKUCSDX29,NK,UCSDX29,214,66
NKUCSDX30,NK,UCSDX30,369,369
NKUCSDX31,NK,UCSDX31,11,11
NKUCSDX33,NK,UCSDX33,52,41
NKUCSDX35,NK,UCSDX35,8,8
NKUCSDX36,NK,UCSDX36,114,53
NKUCSDX37,NK,UCSDX37,41,38
NKUCSDX38,NK,UCSDX38,203,65
NKUCSDX39,NK,UCSDX39,11,11
NKUCSDX4,NK,UCSDX4,12,12
NKUCSDX40,NK,UCSDX40,345,176
NKUCSDX41,NK,UCSDX41,31,31
NKUCSDX42,NK,UCSDX42,64,44
NKUCSDX43,NK,UCSDX43,38,37
NKUCSDX44,NK,UCSDX44,54,42
NKUCSDX49,NK,UCSDX49,4,4
NKUCSDX50,NK,UCSDX50,14,14
NKUCSDX51,NK,UCSDX51,8,8
NKUCSDX52,NK,UCSDX52,6,6
NKUCSDX53,NK,UCSDX53,47,40
NKUCSDX58,NK,UCSDX58,49,40
NKUCSDX59,NK,UCSDX59,17,17
NKUCSDX6,NK,UCSDX6,23,23
NKUCSDX61,NK,UCSDX61,24,24
NKUCSDX62,NK,UCSDX62,5,5
NKUCSDX63,NK,UCSDX63,11,11
NKUCSDX64,NK,UCSDX64,24,24
NKUCSDX69,NK,UCSDX69,12,12
NKUCSDX7,NK,UCSDX7,85,48
NKUCSDX72,NK,UCSDX72,6,6
NKUCSDX76,NK,UCSDX76,17,17
NKUCSDX77,NK,UCSDX77,4,4
NKUCSDX78,NK,UCSDX78,8,8
NKUCSDX8,NK,UCSDX8,15,15
NKUCSDX9,NK,UCSDX9,77,47
Peribronchial.FBD042,Peribronchial.FB,D042,8,8
Peribronchial.FBD071,Peribronchial.FB,D071,6,6
Peribronchial.FBD116,Peribronchial.FB,D116,1,1
Peribronchial.FBD122,Peribronchial.FB,D122,42,42
Peribronchial.FBD123,Peribronchial.FB,D123,6,6
Peribronchial.FBD176,Peribronchial.FB,D176,10,10
Peribronchial.FBD231,Peribronchial.FB,D231,20,20
Peribronchial.FBD239,Peribronchial.FB,D239,6,6
Peribronchial.FBD260,Peribronchial.FB,D260,10,10
Peribronchial.FBD265,Peribronchial.FB,D265,44,44
Peribronchial.FBD266,Peribronchial.FB,D266,23,23
Peribronchial.FBD271,Peribronchial.FB,D271,1,1
Peribronchial.FBD283,Peribronchial.FB,D283,11,11
Peribronchial.FBD288,Peribronchial.FB,D288,68,68
Peribronchial.FBD291,Peribronchial.FB,D291,41,41
Peribronchial.FBD292,Peribronchial.FB,D292,58,58
Peribronchial.FBD294,Peribronchial.FB,D294,35,35
Peribronchial.FBD306,Peribronchial.FB,D306,187,187
Peribronchial.FBD312,Peribronchial.FB,D312,7,7
Peribronchial.FBD314,Peribronchial.FB,D314,178,178
Peribronchial.FBD315,Peribronchial.FB,D315,13,13
Peribronchial.FBD320,Peribronchial.FB,D320,18,18
Peribronchial.FBD332,Peribronchial.FB,D332,58,58
Peribronchial.FBD339,Peribronchial.FB,D339,69,69
Peribronchial.FBD347,Peribronchial.FB,D347,11,11
Peribronchial.FBD351,Peribronchial.FB,D351,1,1
Peribronchial.FBD355,Peribronchial.FB,D355,51,51
Peribronchial.FBD356,Peribronchial.FB,D356,7,7
Peribronchial.FBD357,Peribronchial.FB,D357,4,4
Peribronchial.FBD366,Peribronchial.FB,D366,25,25
Peribronchial.FBD369,Peribronchial.FB,D369,15,15
Peribronchial.FBD370,Peribronchial.FB,D370,26,26
Peribronchial.FBD371,Peribronchial.FB,D371,2,2
Peribronchial.FBD376,Peribronchial.FB,D376,17,17
Peribronchial.FBD381,Peribronchial.FB,D381,3,3
Peribronchial.FBUCSDX10,Peribronchial.FB,UCSDX10,2,2
Peribronchial.FBUCSDX11,Peribronchial.FB,UCSDX11,4,4
Peribronchial.FBUCSDX13,Peribronchial.FB,UCSDX13,24,24
Peribronchial.FBUCSDX14,Peribronchial.FB,UCSDX14,15,15
Peribronchial.FBUCSDX15,Peribronchial.FB,UCSDX15,9,9
Peribronchial.FBUCSDX16,Peribronchial.FB,UCSDX16,4,4
Peribronchial.FBUCSDX18,Peribronchial.FB,UCSDX18,13,13
Peribronchial.FBUCSDX19,Peribronchial.FB,UCSDX19,40,40
Peribronchial.FBUCSDX2,Peribronchial.FB,UCSDX2,1,1
Peribronchial.FBUCSDX21,Peribronchial.FB,UCSDX21,1,1
Peribronchial.FBUCSDX23,Peribronchial.FB,UCSDX23,2,2
Peribronchial.FBUCSDX24,Peribronchial.FB,UCSDX24,6,6
Peribronchial.FBUCSDX25,Peribronchial.FB,UCSDX25,146,146
Peribronchial.FBUCSDX27,Peribronchial.FB,UCSDX27,1,1
Peribronchial.FBUCSDX28,Peribronchial.FB,UCSDX28,10,10
Peribronchial.FBUCSDX29,Peribronchial.FB,UCSDX29,97,97
Peribronchial.FBUCSDX3,Peribronchial.FB,UCSDX3,8,8
Peribronchial.FBUCSDX30,Peribronchial.FB,UCSDX30,64,64
Peribronchial.FBUCSDX31,Peribronchial.FB,UCSDX31,8,8
Peribronchial.FBUCSDX33,Peribronchial.FB,UCSDX33,19,19
Peribronchial.FBUCSDX35,Peribronchial.FB,UCSDX35,26,26
Peribronchial.FBUCSDX36,Peribronchial.FB,UCSDX36,50,50
Peribronchial.FBUCSDX37,Peribronchial.FB,UCSDX37,35,35
Peribronchial.FBUCSDX38,Peribronchial.FB,UCSDX38,29,29
Peribronchial.FBUCSDX39,Peribronchial.FB,UCSDX39,4,4
Peribronchial.FBUCSDX4,Peribronchial.FB,UCSDX4,24,24
Peribronchial.FBUCSDX40,Peribronchial.FB,UCSDX40,20,20
Peribronchial.FBUCSDX41,Peribronchial.FB,UCSDX41,27,27
Peribronchial.FBUCSDX42,Peribronchial.FB,UCSDX42,58,58
Peribronchial.FBUCSDX43,Peribronchial.FB,UCSDX43,15,15
Peribronchial.FBUCSDX44,Peribronchial.FB,UCSDX44,21,21
Peribronchial.FBUCSDX50,Peribronchial.FB,UCSDX50,3,3
Peribronchial.FBUCSDX51,Peribronchial.FB,UCSDX51,18,18
Peribronchial.FBUCSDX53,Peribronchial.FB,UCSDX53,4,4
Peribronchial.FBUCSDX58,Peribronchial.FB,UCSDX58,4,4
Peribronchial.FBUCSDX59,Peribronchial.FB,UCSDX59,17,17
Peribronchial.FBUCSDX6,Peribronchial.FB,UCSDX6,12,12
Peribronchial.FBUCSDX61,Peribronchial.FB,UCSDX61,12,12
Peribronchial.FBUCSDX62,Peribronchial.FB,UCSDX62,4,4
Peribronchial.FBUCSDX63,Peribronchial.FB,UCSDX63,6,6
Peribronchial.FBUCSDX64,Peribronchial.FB,UCSDX64,35,35
Peribronchial.FBUCSDX69,Peribronchial.FB,UCSDX69,36,36
Peribronchial.FBUCSDX7,Peribronchial.FB,UCSDX7,24,24
Peribronchial.FBUCSDX72,Peribronchial.FB,UCSDX72,10,10
Peribronchial.FBUCSDX76,Peribronchial.FB,UCSDX76,23,23
Peribronchial.FBUCSDX77,Peribronchial.FB,UCSDX77,7,7
Peribronchial.FBUCSDX78,Peribronchial.FB,UCSDX78,11,11
Peribronchial.FBUCSDX8,Peribronchial.FB,UCSDX8,1,1
Peribronchial.FBUCSDX9,Peribronchial.FB,UCSDX9,44,44
PericyteD042,Pericyte,D042,3,3
PericyteD122,Pericyte,D122,7,7
PericyteD123,Pericyte,D123,13,13
PericyteD176,Pericyte,D176,10,10
PericyteD231,Pericyte,D231,27,27
PericyteD239,Pericyte,D239,5,5
PericyteD260,Pericyte,D260,7,7
PericyteD265,Pericyte,D265,7,7
PericyteD266,Pericyte,D266,28,28
PericyteD288,Pericyte,D288,10,10
PericyteD291,Pericyte,D291,5,5
PericyteD292,Pericyte,D292,17,17
PericyteD294,Pericyte,D294,15,15
PericyteD306,Pericyte,D306,275,275
PericyteD312,Pericyte,D312,36,36
PericyteD314,Pericyte,D314,5,5
PericyteD315,Pericyte,D315,4,4
PericyteD320,Pericyte,D320,42,42
PericyteD332,Pericyte,D332,3,3
PericyteD339,Pericyte,D339,60,60
PericyteD347,Pericyte,D347,1,1
PericyteD355,Pericyte,D355,36,36
PericyteD356,Pericyte,D356,4,4
PericyteD357,Pericyte,D357,2,2
PericyteD366,Pericyte,D366,2,2
PericyteD369,Pericyte,D369,28,28
PericyteD370,Pericyte,D370,14,14
PericyteD376,Pericyte,D376,9,9
PericyteD381,Pericyte,D381,5,5
PericyteUCSDX11,Pericyte,UCSDX11,6,6
PericyteUCSDX13,Pericyte,UCSDX13,4,4
PericyteUCSDX15,Pericyte,UCSDX15,4,4
PericyteUCSDX16,Pericyte,UCSDX16,5,5
PericyteUCSDX19,Pericyte,UCSDX19,21,21
PericyteUCSDX2,Pericyte,UCSDX2,3,3
PericyteUCSDX21,Pericyte,UCSDX21,1,1
PericyteUCSDX23,Pericyte,UCSDX23,14,14
PericyteUCSDX24,Pericyte,UCSDX24,1,1
PericyteUCSDX25,Pericyte,UCSDX25,12,12
PericyteUCSDX28,Pericyte,UCSDX28,10,10
PericyteUCSDX29,Pericyte,UCSDX29,11,11
PericyteUCSDX30,Pericyte,UCSDX30,8,8
PericyteUCSDX33,Pericyte,UCSDX33,8,8
PericyteUCSDX35,Pericyte,UCSDX35,2,2
PericyteUCSDX36,Pericyte,UCSDX36,7,7
PericyteUCSDX38,Pericyte,UCSDX38,19,19
PericyteUCSDX39,Pericyte,UCSDX39,2,2
PericyteUCSDX4,Pericyte,UCSDX4,5,5
PericyteUCSDX40,Pericyte,UCSDX40,5,5
PericyteUCSDX41,Pericyte,UCSDX41,3,3
PericyteUCSDX42,Pericyte,UCSDX42,13,13
PericyteUCSDX43,Pericyte,UCSDX43,10,10
PericyteUCSDX44,Pericyte,UCSDX44,12,12
PericyteUCSDX50,Pericyte,UCSDX50,4,4
PericyteUCSDX51,Pericyte,UCSDX51,3,3
PericyteUCSDX52,Pericyte,UCSDX52,2,2
PericyteUCSDX53,Pericyte,UCSDX53,1,1
PericyteUCSDX58,Pericyte,UCSDX58,8,8
PericyteUCSDX59,Pericyte,UCSDX59,70,70
PericyteUCSDX6,Pericyte,UCSDX6,2,2
PericyteUCSDX61,Pericyte,UCSDX61,42,42
PericyteUCSDX62,Pericyte,UCSDX62,9,9
PericyteUCSDX63,Pericyte,UCSDX63,27,27
PericyteUCSDX64,Pericyte,UCSDX64,30,30
PericyteUCSDX69,Pericyte,UCSDX69,42,42
PericyteUCSDX7,Pericyte,UCSDX7,18,18
PericyteUCSDX72,Pericyte,UCSDX72,50,50
PericyteUCSDX76,Pericyte,UCSDX76,18,18
PericyteUCSDX77,Pericyte,UCSDX77,5,5
PericyteUCSDX78,Pericyte,UCSDX78,7,7
PericyteUCSDX9,Pericyte,UCSDX9,5,5
PlasmaD071,Plasma,D071,1,1
PlasmaD122,Plasma,D122,7,7
PlasmaD123,Plasma,D123,3,3
PlasmaD231,Plasma,D231,2,2
PlasmaD260,Plasma,D260,4,4
PlasmaD265,Plasma,D265,17,17
PlasmaD266,Plasma,D266,1,1
PlasmaD283,Plasma,D283,1,1
PlasmaD288,Plasma,D288,6,6
PlasmaD291,Plasma,D291,2,2
PlasmaD294,Plasma,D294,7,7
PlasmaD306,Plasma,D306,3,3
PlasmaD312,Plasma,D312,3,3
PlasmaD314,Plasma,D314,4,4
PlasmaD315,Plasma,D315,1,1
PlasmaD320,Plasma,D320,13,13
PlasmaD332,Plasma,D332,11,11
PlasmaD339,Plasma,D339,7,7
PlasmaD347,Plasma,D347,10,10
PlasmaD355,Plasma,D355,5,5
PlasmaD356,Plasma,D356,5,5
PlasmaD357,Plasma,D357,1,1
PlasmaD366,Plasma,D366,8,8
PlasmaD369,Plasma,D369,4,4
PlasmaD370,Plasma,D370,1,1
PlasmaUCSDX11,Plasma,UCSDX11,3,3
PlasmaUCSDX13,Plasma,UCSDX13,60,60
PlasmaUCSDX14,Plasma,UCSDX14,6,6
PlasmaUCSDX15,Plasma,UCSDX15,54,54
PlasmaUCSDX18,Plasma,UCSDX18,5,5
PlasmaUCSDX19,Plasma,UCSDX19,2,2
PlasmaUCSDX2,Plasma,UCSDX2,3,3
PlasmaUCSDX21,Plasma,UCSDX21,19,19
PlasmaUCSDX23,Plasma,UCSDX23,1,1
PlasmaUCSDX24,Plasma,UCSDX24,6,6
PlasmaUCSDX25,Plasma,UCSDX25,97,97
PlasmaUCSDX28,Plasma,UCSDX28,43,43
PlasmaUCSDX29,Plasma,UCSDX29,77,77
PlasmaUCSDX30,Plasma,UCSDX30,49,49
PlasmaUCSDX31,Plasma,UCSDX31,14,14
PlasmaUCSDX33,Plasma,UCSDX33,11,11
PlasmaUCSDX35,Plasma,UCSDX35,10,10
PlasmaUCSDX36,Plasma,UCSDX36,8,8
PlasmaUCSDX37,Plasma,UCSDX37,2,2
PlasmaUCSDX38,Plasma,UCSDX38,19,19
PlasmaUCSDX4,Plasma,UCSDX4,65,65
PlasmaUCSDX40,Plasma,UCSDX40,22,22
PlasmaUCSDX41,Plasma,UCSDX41,2,2
PlasmaUCSDX42,Plasma,UCSDX42,69,69
PlasmaUCSDX43,Plasma,UCSDX43,26,26
PlasmaUCSDX44,Plasma,UCSDX44,108,108
PlasmaUCSDX46,Plasma,UCSDX46,1,1
PlasmaUCSDX47,Plasma,UCSDX47,1,1
PlasmaUCSDX50,Plasma,UCSDX50,4,4
PlasmaUCSDX51,Plasma,UCSDX51,7,7
PlasmaUCSDX52,Plasma,UCSDX52,1,1
PlasmaUCSDX53,Plasma,UCSDX53,15,15
PlasmaUCSDX58,Plasma,UCSDX58,2,2
PlasmaUCSDX59,Plasma,UCSDX59,8,8
PlasmaUCSDX6,Plasma,UCSDX6,6,6
PlasmaUCSDX61,Plasma,UCSDX61,22,22
PlasmaUCSDX62,Plasma,UCSDX62,3,3
PlasmaUCSDX63,Plasma,UCSDX63,38,38
PlasmaUCSDX64,Plasma,UCSDX64,27,27
PlasmaUCSDX69,Plasma,UCSDX69,19,19
PlasmaUCSDX7,Plasma,UCSDX7,13,13
PlasmaUCSDX76,Plasma,UCSDX76,31,31
PlasmaUCSDX77,Plasma,UCSDX77,5,5
PlasmaUCSDX78,Plasma,UCSDX78,3,3
PlasmaUCSDX9,Plasma,UCSDX9,6,6
PlateletD042,Platelet,D042,2,2
PlateletD071,Platelet,D071,6,6
PlateletD122,Platelet,D122,21,21
PlateletD123,Platelet,D123,1,1
PlateletD176,Platelet,D176,2,2
PlateletD231,Platelet,D231,9,9
PlateletD239,Platelet,D239,3,3
PlateletD260,Platelet,D260,8,8
PlateletD265,Platelet,D265,12,12
PlateletD266,Platelet,D266,4,4
PlateletD283,Platelet,D283,4,4
PlateletD288,Platelet,D288,21,21
PlateletD291,Platelet,D291,4,4
PlateletD292,Platelet,D292,39,39
PlateletD294,Platelet,D294,21,21
PlateletD306,Platelet,D306,48,48
PlateletD312,Platelet,D312,3,3
PlateletD314,Platelet,D314,16,16
PlateletD315,Platelet,D315,1,1
PlateletD320,Platelet,D320,6,6
PlateletD332,Platelet,D332,19,19
PlateletD335,Platelet,D335,3,3
PlateletD339,Platelet,D339,12,12
PlateletD347,Platelet,D347,1,1
PlateletD355,Platelet,D355,15,15
PlateletD357,Platelet,D357,2,2
PlateletD366,Platelet,D366,8,8
PlateletD369,Platelet,D369,10,10
PlateletD370,Platelet,D370,7,7
PlateletD371,Platelet,D371,1,1
PlateletD376,Platelet,D376,4,4
PlateletUCSDX11,Platelet,UCSDX11,3,3
PlateletUCSDX13,Platelet,UCSDX13,4,4
PlateletUCSDX15,Platelet,UCSDX15,3,3
PlateletUCSDX16,Platelet,UCSDX16,1,1
PlateletUCSDX19,Platelet,UCSDX19,5,5
PlateletUCSDX23,Platelet,UCSDX23,4,4
PlateletUCSDX24,Platelet,UCSDX24,5,5
PlateletUCSDX25,Platelet,UCSDX25,18,18
PlateletUCSDX28,Platelet,UCSDX28,4,4
PlateletUCSDX29,Platelet,UCSDX29,22,22
PlateletUCSDX30,Platelet,UCSDX30,22,22
PlateletUCSDX31,Platelet,UCSDX31,1,1
PlateletUCSDX33,Platelet,UCSDX33,16,16
PlateletUCSDX35,Platelet,UCSDX35,1,1
PlateletUCSDX36,Platelet,UCSDX36,5,5
PlateletUCSDX37,Platelet,UCSDX37,3,3
PlateletUCSDX38,Platelet,UCSDX38,5,5
PlateletUCSDX39,Platelet,UCSDX39,2,2
PlateletUCSDX4,Platelet,UCSDX4,6,6
PlateletUCSDX40,Platelet,UCSDX40,4,4
PlateletUCSDX41,Platelet,UCSDX41,5,5
PlateletUCSDX42,Platelet,UCSDX42,8,8
PlateletUCSDX44,Platelet,UCSDX44,5,5
PlateletUCSDX50,Platelet,UCSDX50,1,1
PlateletUCSDX51,Platelet,UCSDX51,3,3
PlateletUCSDX53,Platelet,UCSDX53,1,1
PlateletUCSDX58,Platelet,UCSDX58,1,1
PlateletUCSDX59,Platelet,UCSDX59,3,3
PlateletUCSDX6,Platelet,UCSDX6,3,3
PlateletUCSDX61,Platelet,UCSDX61,8,8
PlateletUCSDX62,Platelet,UCSDX62,1,1
PlateletUCSDX63,Platelet,UCSDX63,3,3
PlateletUCSDX64,Platelet,UCSDX64,12,12
PlateletUCSDX69,Platelet,UCSDX69,17,17
PlateletUCSDX7,Platelet,UCSDX7,4,4
PlateletUCSDX72,Platelet,UCSDX72,6,6
PlateletUCSDX76,Platelet,UCSDX76,6,6
PlateletUCSDX77,Platelet,UCSDX77,7,7
PlateletUCSDX78,Platelet,UCSDX78,2,2
PlateletUCSDX8,Platelet,UCSDX8,2,2
PlateletUCSDX9,Platelet,UCSDX9,11,11
PVECD042,PVEC,D042,26,26
PVECD071,PVEC,D071,9,9
PVECD116,PVEC,D116,3,3
PVECD122,PVEC,D122,38,38
PVECD123,PVEC,D123,32,32
PVECD176,PVEC,D176,49,49
PVECD231,PVEC,D231,21,21
PVECD239,PVEC,D239,8,8
PVECD260,PVEC,D260,9,9
PVECD265,PVEC,D265,143,143
PVECD266,PVEC,D266,44,44
PVECD271,PVEC,D271,1,1
PVECD283,PVEC,D283,3,3
PVECD288,PVEC,D288,23,23
PVECD291,PVEC,D291,15,15
PVECD292,PVEC,D292,16,16
PVECD294,PVEC,D294,21,21
PVECD306,PVEC,D306,176,176
PVECD312,PVEC,D312,69,69
PVECD314,PVEC,D314,15,15
PVECD315,PVEC,D315,1,1
PVECD320,PVEC,D320,7,7
PVECD332,PVEC,D332,13,13
PVECD335,PVEC,D335,3,3
PVECD339,PVEC,D339,151,151
PVECD347,PVEC,D347,55,55
PVECD355,PVEC,D355,25,25
PVECD356,PVEC,D356,8,8
PVECD357,PVEC,D357,3,3
PVECD366,PVEC,D366,10,10
PVECD369,PVEC,D369,14,14
PVECD370,PVEC,D370,43,43
PVECD371,PVEC,D371,1,1
PVECD376,PVEC,D376,6,6
PVECD381,PVEC,D381,20,20
PVECUCSDX11,PVEC,UCSDX11,12,12
PVECUCSDX13,PVEC,UCSDX13,25,25
PVECUCSDX14,PVEC,UCSDX14,4,4
PVECUCSDX15,PVEC,UCSDX15,18,18
PVECUCSDX16,PVEC,UCSDX16,4,4
PVECUCSDX18,PVEC,UCSDX18,33,33
PVECUCSDX19,PVEC,UCSDX19,37,37
PVECUCSDX2,PVEC,UCSDX2,2,2
PVECUCSDX21,PVEC,UCSDX21,4,4
PVECUCSDX23,PVEC,UCSDX23,12,12
PVECUCSDX24,PVEC,UCSDX24,16,16
PVECUCSDX25,PVEC,UCSDX25,27,27
PVECUCSDX28,PVEC,UCSDX28,7,7
PVECUCSDX29,PVEC,UCSDX29,15,15
PVECUCSDX30,PVEC,UCSDX30,5,5
PVECUCSDX31,PVEC,UCSDX31,19,19
PVECUCSDX33,PVEC,UCSDX33,25,25
PVECUCSDX35,PVEC,UCSDX35,1,1
PVECUCSDX36,PVEC,UCSDX36,6,6
PVECUCSDX37,PVEC,UCSDX37,8,8
PVECUCSDX38,PVEC,UCSDX38,117,117
PVECUCSDX39,PVEC,UCSDX39,8,8
PVECUCSDX4,PVEC,UCSDX4,6,6
PVECUCSDX40,PVEC,UCSDX40,40,40
PVECUCSDX41,PVEC,UCSDX41,12,12
PVECUCSDX42,PVEC,UCSDX42,49,49
PVECUCSDX43,PVEC,UCSDX43,1,1
PVECUCSDX44,PVEC,UCSDX44,23,23
PVECUCSDX46,PVEC,UCSDX46,2,2
PVECUCSDX49,PVEC,UCSDX49,3,3
PVECUCSDX50,PVEC,UCSDX50,17,17
PVECUCSDX51,PVEC,UCSDX51,7,7
PVECUCSDX52,PVEC,UCSDX52,1,1
PVECUCSDX53,PVEC,UCSDX53,14,14
PVECUCSDX58,PVEC,UCSDX58,11,11
PVECUCSDX59,PVEC,UCSDX59,2,2
PVECUCSDX6,PVEC,UCSDX6,11,11
PVECUCSDX61,PVEC,UCSDX61,27,27
PVECUCSDX62,PVEC,UCSDX62,72,72
PVECUCSDX63,PVEC,UCSDX63,17,17
PVECUCSDX64,PVEC,UCSDX64,15,15
PVECUCSDX69,PVEC,UCSDX69,48,48
PVECUCSDX7,PVEC,UCSDX7,2,2
PVECUCSDX72,PVEC,UCSDX72,10,10
PVECUCSDX76,PVEC,UCSDX76,34,34
PVECUCSDX77,PVEC,UCSDX77,10,10
PVECUCSDX78,PVEC,UCSDX78,123,123
PVECUCSDX8,PVEC,UCSDX8,2,2
PVECUCSDX9,PVEC,UCSDX9,12,12
RASD042,RAS,D042,83,33
RASD071,RAS,D071,27,23
RASD116,RAS,D116,9,9
RASD122,RAS,D122,163,42
RASD123,RAS,D123,12,12
RASD176,RAS,D176,93,34
RASD231,RAS,D231,76,32
RASD239,RAS,D239,10,10
RASD260,RAS,D260,21,21
RASD265,RAS,D265,124,38
RASD266,RAS,D266,7,7
RASD271,RAS,D271,32,24
RASD283,RAS,D283,18,18
RASD288,RAS,D288,193,44
RASD291,RAS,D291,16,16
RASD292,RAS,D292,93,34
RASD294,RAS,D294,217,46
RASD305,RAS,D305,2,2
RASD306,RAS,D306,218,46
RASD311,RAS,D311,10,10
RASD312,RAS,D312,30,24
RASD314,RAS,D314,141,40
RASD315,RAS,D315,79,33
RASD320,RAS,D320,47,27
RASD332,RAS,D332,41,26
RASD335,RAS,D335,133,39
RASD339,RAS,D339,326,52
RASD347,RAS,D347,158,41
RASD351,RAS,D351,3,3
RASD355,RAS,D355,90,34
RASD356,RAS,D356,11,11
RASD357,RAS,D357,24,22
RASD366,RAS,D366,150,40
RASD369,RAS,D369,16,16
RASD370,RAS,D370,13,13
RASD371,RAS,D371,3,3
RASD376,RAS,D376,183,43
RASD381,RAS,D381,16,16
RASUCSDX10,RAS,UCSDX10,58,29
RASUCSDX11,RAS,UCSDX11,15,15
RASUCSDX13,RAS,UCSDX13,231,47
RASUCSDX14,RAS,UCSDX14,363,54
RASUCSDX15,RAS,UCSDX15,162,41
RASUCSDX16,RAS,UCSDX16,5,5
RASUCSDX18,RAS,UCSDX18,100,35
RASUCSDX19,RAS,UCSDX19,73,32
RASUCSDX2,RAS,UCSDX2,41,26
RASUCSDX20,RAS,UCSDX20,5,5
RASUCSDX21,RAS,UCSDX21,7,7
RASUCSDX23,RAS,UCSDX23,10,10
RASUCSDX24,RAS,UCSDX24,133,39
RASUCSDX25,RAS,UCSDX25,114,37
RASUCSDX27,RAS,UCSDX27,7,7
RASUCSDX28,RAS,UCSDX28,59,30
RASUCSDX29,RAS,UCSDX29,69,31
RASUCSDX3,RAS,UCSDX3,76,32
RASUCSDX30,RAS,UCSDX30,92,34
RASUCSDX31,RAS,UCSDX31,120,38
RASUCSDX33,RAS,UCSDX33,47,27
RASUCSDX35,RAS,UCSDX35,184,43
RASUCSDX36,RAS,UCSDX36,100,35
RASUCSDX37,RAS,UCSDX37,127,38
RASUCSDX38,RAS,UCSDX38,205,45
RASUCSDX39,RAS,UCSDX39,19,19
RASUCSDX4,RAS,UCSDX4,226,46
RASUCSDX40,RAS,UCSDX40,228,46
RASUCSDX41,RAS,UCSDX41,86,34
RASUCSDX42,RAS,UCSDX42,449,58
RASUCSDX43,RAS,UCSDX43,24,22
RASUCSDX44,RAS,UCSDX44,332,53
RASUCSDX46,RAS,UCSDX46,4,4
RASUCSDX47,RAS,UCSDX47,6,6
RASUCSDX49,RAS,UCSDX49,9,9
RASUCSDX50,RAS,UCSDX50,15,15
RASUCSDX51,RAS,UCSDX51,22,21
RASUCSDX52,RAS,UCSDX52,4,4
RASUCSDX53,RAS,UCSDX53,73,32
RASUCSDX58,RAS,UCSDX58,95,35
RASUCSDX59,RAS,UCSDX59,26,22
RASUCSDX6,RAS,UCSDX6,137,39
RASUCSDX61,RAS,UCSDX61,42,26
RASUCSDX62,RAS,UCSDX62,33,24
RASUCSDX63,RAS,UCSDX63,46,27
RASUCSDX64,RAS,UCSDX64,194,44
RASUCSDX69,RAS,UCSDX69,153,41
RASUCSDX7,RAS,UCSDX7,41,26
RASUCSDX72,RAS,UCSDX72,3,3
RASUCSDX76,RAS,UCSDX76,108,36
RASUCSDX77,RAS,UCSDX77,20,20
RASUCSDX78,RAS,UCSDX78,118,37
RASUCSDX8,RAS,UCSDX8,11,11
RASUCSDX9,RAS,UCSDX9,649,280
SCMFD042,SCMF,D042,1,1
SCMFD123,SCMF,D123,16,16
SCMFD176,SCMF,D176,20,20
SCMFD231,SCMF,D231,1,1
SCMFD239,SCMF,D239,3,3
SCMFD260,SCMF,D260,2,2
SCMFD265,SCMF,D265,45,45
SCMFD266,SCMF,D266,21,21
SCMFD283,SCMF,D283,1,1
SCMFD288,SCMF,D288,3,3
SCMFD291,SCMF,D291,3,3
SCMFD292,SCMF,D292,1,1
SCMFD294,SCMF,D294,5,5
SCMFD305,SCMF,D305,1,1
SCMFD306,SCMF,D306,311,311
SCMFD312,SCMF,D312,39,39
SCMFD314,SCMF,D314,3,3
SCMFD315,SCMF,D315,4,4
SCMFD320,SCMF,D320,7,7
SCMFD332,SCMF,D332,2,2
SCMFD339,SCMF,D339,120,120
SCMFD347,SCMF,D347,70,70
SCMFD355,SCMF,D355,7,7
SCMFD356,SCMF,D356,17,17
SCMFD357,SCMF,D357,5,5
SCMFD366,SCMF,D366,1,1
SCMFD369,SCMF,D369,2,2
SCMFD370,SCMF,D370,94,94
SCMFD381,SCMF,D381,2,2
SCMFUCSDX11,SCMF,UCSDX11,11,11
SCMFUCSDX13,SCMF,UCSDX13,4,4
SCMFUCSDX14,SCMF,UCSDX14,1,1
SCMFUCSDX15,SCMF,UCSDX15,24,24
SCMFUCSDX16,SCMF,UCSDX16,5,5
SCMFUCSDX18,SCMF,UCSDX18,4,4
SCMFUCSDX19,SCMF,UCSDX19,1,1
SCMFUCSDX21,SCMF,UCSDX21,3,3
SCMFUCSDX23,SCMF,UCSDX23,9,9
SCMFUCSDX24,SCMF,UCSDX24,10,10
SCMFUCSDX25,SCMF,UCSDX25,2,2
SCMFUCSDX27,SCMF,UCSDX27,1,1
SCMFUCSDX28,SCMF,UCSDX28,8,8
SCMFUCSDX29,SCMF,UCSDX29,6,6
SCMFUCSDX30,SCMF,UCSDX30,9,9
SCMFUCSDX31,SCMF,UCSDX31,2,2
SCMFUCSDX33,SCMF,UCSDX33,57,57
SCMFUCSDX35,SCMF,UCSDX35,5,5
SCMFUCSDX36,SCMF,UCSDX36,2,2
SCMFUCSDX37,SCMF,UCSDX37,5,5
SCMFUCSDX38,SCMF,UCSDX38,124,124
SCMFUCSDX39,SCMF,UCSDX39,12,12
SCMFUCSDX4,SCMF,UCSDX4,7,7
SCMFUCSDX40,SCMF,UCSDX40,34,34
SCMFUCSDX42,SCMF,UCSDX42,20,20
SCMFUCSDX43,SCMF,UCSDX43,3,3
SCMFUCSDX44,SCMF,UCSDX44,10,10
SCMFUCSDX49,SCMF,UCSDX49,1,1
SCMFUCSDX50,SCMF,UCSDX50,4,4
SCMFUCSDX51,SCMF,UCSDX51,12,12
SCMFUCSDX53,SCMF,UCSDX53,16,16
SCMFUCSDX58,SCMF,UCSDX58,51,51
SCMFUCSDX59,SCMF,UCSDX59,55,55
SCMFUCSDX6,SCMF,UCSDX6,3,3
SCMFUCSDX61,SCMF,UCSDX61,33,33
SCMFUCSDX62,SCMF,UCSDX62,46,46
SCMFUCSDX63,SCMF,UCSDX63,25,25
SCMFUCSDX64,SCMF,UCSDX64,27,27
SCMFUCSDX69,SCMF,UCSDX69,52,52
SCMFUCSDX7,SCMF,UCSDX7,87,87
SCMFUCSDX72,SCMF,UCSDX72,3,3
SCMFUCSDX76,SCMF,UCSDX76,11,11
SCMFUCSDX77,SCMF,UCSDX77,7,7
SCMFUCSDX78,SCMF,UCSDX78,29,29
SCMFUCSDX9,SCMF,UCSDX9,12,12
SVECD042,SVEC,D042,7,7
SVECD071,SVEC,D071,5,5
SVECD116,SVEC,D116,1,1
SVECD123,SVEC,D123,2,2
SVECD176,SVEC,D176,3,3
SVECD231,SVEC,D231,2,2
SVECD239,SVEC,D239,3,3
SVECD260,SVEC,D260,2,2
SVECD265,SVEC,D265,6,6
SVECD266,SVEC,D266,4,4
SVECD283,SVEC,D283,4,4
SVECD288,SVEC,D288,1,1
SVECD291,SVEC,D291,2,2
SVECD292,SVEC,D292,3,3
SVECD294,SVEC,D294,8,8
SVECD306,SVEC,D306,15,15
SVECD312,SVEC,D312,4,4
SVECD314,SVEC,D314,8,8
SVECD315,SVEC,D315,1,1
SVECD320,SVEC,D320,47,47
SVECD332,SVEC,D332,2,2
SVECD335,SVEC,D335,1,1
SVECD339,SVEC,D339,8,8
SVECD347,SVEC,D347,13,13
SVECD355,SVEC,D355,7,7
SVECD356,SVEC,D356,58,58
SVECD357,SVEC,D357,19,19
SVECD366,SVEC,D366,3,3
SVECD369,SVEC,D369,3,3
SVECD370,SVEC,D370,25,25
SVECD376,SVEC,D376,1,1
SVECD381,SVEC,D381,18,18
SVECUCSDX11,SVEC,UCSDX11,5,5
SVECUCSDX13,SVEC,UCSDX13,43,43
SVECUCSDX15,SVEC,UCSDX15,84,84
SVECUCSDX16,SVEC,UCSDX16,35,35
SVECUCSDX18,SVEC,UCSDX18,112,112
SVECUCSDX19,SVEC,UCSDX19,8,8
SVECUCSDX2,SVEC,UCSDX2,4,4
SVECUCSDX21,SVEC,UCSDX21,6,6
SVECUCSDX23,SVEC,UCSDX23,3,3
SVECUCSDX24,SVEC,UCSDX24,7,7
SVECUCSDX25,SVEC,UCSDX25,1,1
SVECUCSDX27,SVEC,UCSDX27,1,1
SVECUCSDX28,SVEC,UCSDX28,21,21
SVECUCSDX29,SVEC,UCSDX29,10,10
SVECUCSDX3,SVEC,UCSDX3,3,3
SVECUCSDX30,SVEC,UCSDX30,26,26
SVECUCSDX31,SVEC,UCSDX31,177,177
SVECUCSDX33,SVEC,UCSDX33,26,26
SVECUCSDX36,SVEC,UCSDX36,54,54
SVECUCSDX37,SVEC,UCSDX37,1,1
SVECUCSDX38,SVEC,UCSDX38,111,111
SVECUCSDX39,SVEC,UCSDX39,24,24
SVECUCSDX4,SVEC,UCSDX4,19,19
SVECUCSDX40,SVEC,UCSDX40,30,30
SVECUCSDX41,SVEC,UCSDX41,22,22
SVECUCSDX42,SVEC,UCSDX42,182,182
SVECUCSDX43,SVEC,UCSDX43,103,103
SVECUCSDX44,SVEC,UCSDX44,35,35
SVECUCSDX46,SVEC,UCSDX46,1,1
SVECUCSDX50,SVEC,UCSDX50,6,6
SVECUCSDX51,SVEC,UCSDX51,59,59
SVECUCSDX52,SVEC,UCSDX52,1,1
SVECUCSDX53,SVEC,UCSDX53,5,5
SVECUCSDX58,SVEC,UCSDX58,1,1
SVECUCSDX59,SVEC,UCSDX59,7,7
SVECUCSDX6,SVEC,UCSDX6,8,8
SVECUCSDX61,SVEC,UCSDX61,25,25
SVECUCSDX62,SVEC,UCSDX62,20,20
SVECUCSDX63,SVEC,UCSDX63,10,10
SVECUCSDX64,SVEC,UCSDX64,74,74
SVECUCSDX69,SVEC,UCSDX69,22,22
SVECUCSDX7,SVEC,UCSDX7,62,62
SVECUCSDX72,SVEC,UCSDX72,7,7
SVECUCSDX76,SVEC,UCSDX76,34,34
SVECUCSDX77,SVEC,UCSDX77,4,4
SVECUCSDX78,SVEC,UCSDX78,72,72
SVECUCSDX9,SVEC,UCSDX9,2,2
T.CellsD042,T.Cells,D042,9,9
T.CellsD071,T.Cells,D071,5,5
T.CellsD116,T.Cells,D116,6,6
T.CellsD122,T.Cells,D122,45,28
T.CellsD123,T.Cells,D123,12,12
T.CellsD176,T.Cells,D176,5,5
T.CellsD231,T.Cells,D231,114,38
T.CellsD239,T.Cells,D239,7,7
T.CellsD260,T.Cells,D260,57,30
T.CellsD265,T.Cells,D265,220,47
T.CellsD266,T.Cells,D266,37,26
T.CellsD271,T.Cells,D271,6,6
T.CellsD283,T.Cells,D283,16,16
T.CellsD288,T.Cells,D288,100,36
T.CellsD291,T.Cells,D291,24,22
T.CellsD292,T.Cells,D292,384,57
T.CellsD294,T.Cells,D294,51,29
T.CellsD306,T.Cells,D306,165,43
T.CellsD311,T.Cells,D311,1,1
T.CellsD312,T.Cells,D312,44,27
T.CellsD314,T.Cells,D314,94,35
T.CellsD315,T.Cells,D315,2,2
T.CellsD320,T.Cells,D320,110,37
T.CellsD332,T.Cells,D332,61,31
T.CellsD335,T.Cells,D335,7,7
T.CellsD339,T.Cells,D339,146,41
T.CellsD347,T.Cells,D347,107,37
T.CellsD355,T.Cells,D355,125,39
T.CellsD356,T.Cells,D356,62,31
T.CellsD357,T.Cells,D357,16,16
T.CellsD366,T.Cells,D366,146,41
T.CellsD369,T.Cells,D369,38,26
T.CellsD370,T.Cells,D370,42,27
T.CellsD371,T.Cells,D371,7,7
T.CellsD376,T.Cells,D376,6,6
T.CellsD381,T.Cells,D381,15,15
T.CellsUCSDX10,T.Cells,UCSDX10,2,2
T.CellsUCSDX11,T.Cells,UCSDX11,41,27
T.CellsUCSDX13,T.Cells,UCSDX13,320,53
T.CellsUCSDX14,T.Cells,UCSDX14,43,27
T.CellsUCSDX15,T.Cells,UCSDX15,105,37
T.CellsUCSDX16,T.Cells,UCSDX16,6,6
T.CellsUCSDX18,T.Cells,UCSDX18,20,20
T.CellsUCSDX19,T.Cells,UCSDX19,212,46
T.CellsUCSDX2,T.Cells,UCSDX2,168,43
T.CellsUCSDX20,T.Cells,UCSDX20,1,1
T.CellsUCSDX21,T.Cells,UCSDX21,52,29
T.CellsUCSDX23,T.Cells,UCSDX23,11,11
T.CellsUCSDX24,T.Cells,UCSDX24,35,25
T.CellsUCSDX25,T.Cells,UCSDX25,470,61
T.CellsUCSDX28,T.Cells,UCSDX28,297,52
T.CellsUCSDX29,T.Cells,UCSDX29,182,44
T.CellsUCSDX3,T.Cells,UCSDX3,11,11
T.CellsUCSDX30,T.Cells,UCSDX30,466,60
T.CellsUCSDX31,T.Cells,UCSDX31,56,30
T.CellsUCSDX33,T.Cells,UCSDX33,302,52
T.CellsUCSDX35,T.Cells,UCSDX35,53,29
T.CellsUCSDX36,T.Cells,UCSDX36,121,39
T.CellsUCSDX37,T.Cells,UCSDX37,20,20
T.CellsUCSDX38,T.Cells,UCSDX38,389,57
T.CellsUCSDX39,T.Cells,UCSDX39,59,30
T.CellsUCSDX4,T.Cells,UCSDX4,118,38
T.CellsUCSDX40,T.Cells,UCSDX40,605,272
T.CellsUCSDX41,T.Cells,UCSDX41,143,41
T.CellsUCSDX42,T.Cells,UCSDX42,511,62
T.CellsUCSDX43,T.Cells,UCSDX43,110,37
T.CellsUCSDX44,T.Cells,UCSDX44,356,55
T.CellsUCSDX47,T.Cells,UCSDX47,1,1
T.CellsUCSDX50,T.Cells,UCSDX50,227,48
T.CellsUCSDX51,T.Cells,UCSDX51,217,47
T.CellsUCSDX52,T.Cells,UCSDX52,4,4
T.CellsUCSDX53,T.Cells,UCSDX53,123,39
T.CellsUCSDX58,T.Cells,UCSDX58,37,26
T.CellsUCSDX59,T.Cells,UCSDX59,94,35
T.CellsUCSDX6,T.Cells,UCSDX6,54,29
T.CellsUCSDX61,T.Cells,UCSDX61,90,35
T.CellsUCSDX62,T.Cells,UCSDX62,17,17
T.CellsUCSDX63,T.Cells,UCSDX63,120,38
T.CellsUCSDX64,T.Cells,UCSDX64,129,39
T.CellsUCSDX69,T.Cells,UCSDX69,146,41
T.CellsUCSDX7,T.Cells,UCSDX7,158,42
T.CellsUCSDX72,T.Cells,UCSDX72,22,22
T.CellsUCSDX76,T.Cells,UCSDX76,128,39
T.CellsUCSDX77,T.Cells,UCSDX77,59,30
T.CellsUCSDX78,T.Cells,UCSDX78,40,27
T.CellsUCSDX8,T.Cells,UCSDX8,12,12
T.CellsUCSDX9,T.Cells,UCSDX9,65,31
VSMCD042,VSMC,D042,18,18
VSMCD122,VSMC,D122,3,3
VSMCD123,VSMC,D123,7,7
VSMCD176,VSMC,D176,24,24
VSMCD231,VSMC,D231,23,23
VSMCD239,VSMC,D239,1,1
VSMCD260,VSMC,D260,3,3
VSMCD265,VSMC,D265,3,3
VSMCD266,VSMC,D266,38,38
VSMCD271,VSMC,D271,1,1
VSMCD283,VSMC,D283,3,3
VSMCD288,VSMC,D288,2,2
VSMCD292,VSMC,D292,2,2
VSMCD294,VSMC,D294,3,3
VSMCD306,VSMC,D306,63,63
VSMCD312,VSMC,D312,54,54
VSMCD314,VSMC,D314,2,2
VSMCD320,VSMC,D320,14,14
VSMCD339,VSMC,D339,20,20
VSMCD347,VSMC,D347,1,1
VSMCD355,VSMC,D355,48,48
VSMCD356,VSMC,D356,1,1
VSMCD357,VSMC,D357,2,2
VSMCD366,VSMC,D366,3,3
VSMCD369,VSMC,D369,9,9
VSMCD370,VSMC,D370,27,27
VSMCD376,VSMC,D376,3,3
VSMCD381,VSMC,D381,4,4
VSMCUCSDX11,VSMC,UCSDX11,8,8
VSMCUCSDX13,VSMC,UCSDX13,15,15
VSMCUCSDX15,VSMC,UCSDX15,30,30
VSMCUCSDX16,VSMC,UCSDX16,12,12
VSMCUCSDX18,VSMC,UCSDX18,68,68
VSMCUCSDX19,VSMC,UCSDX19,20,20
VSMCUCSDX2,VSMC,UCSDX2,1,1
VSMCUCSDX21,VSMC,UCSDX21,1,1
VSMCUCSDX23,VSMC,UCSDX23,13,13
VSMCUCSDX24,VSMC,UCSDX24,3,3
VSMCUCSDX25,VSMC,UCSDX25,1,1
VSMCUCSDX28,VSMC,UCSDX28,2,2
VSMCUCSDX29,VSMC,UCSDX29,26,26
VSMCUCSDX30,VSMC,UCSDX30,12,12
VSMCUCSDX31,VSMC,UCSDX31,24,24
VSMCUCSDX33,VSMC,UCSDX33,8,8
VSMCUCSDX35,VSMC,UCSDX35,1,1
VSMCUCSDX36,VSMC,UCSDX36,5,5
VSMCUCSDX37,VSMC,UCSDX37,1,1
VSMCUCSDX38,VSMC,UCSDX38,25,25
VSMCUCSDX39,VSMC,UCSDX39,5,5
VSMCUCSDX4,VSMC,UCSDX4,5,5
VSMCUCSDX40,VSMC,UCSDX40,5,5
VSMCUCSDX41,VSMC,UCSDX41,1,1
VSMCUCSDX42,VSMC,UCSDX42,26,26
VSMCUCSDX43,VSMC,UCSDX43,19,19
VSMCUCSDX44,VSMC,UCSDX44,8,8
VSMCUCSDX50,VSMC,UCSDX50,3,3
VSMCUCSDX51,VSMC,UCSDX51,8,8
VSMCUCSDX53,VSMC,UCSDX53,12,12
VSMCUCSDX58,VSMC,UCSDX58,1,1
VSMCUCSDX59,VSMC,UCSDX59,30,30
VSMCUCSDX6,VSMC,UCSDX6,5,5
VSMCUCSDX61,VSMC,UCSDX61,82,82
VSMCUCSDX62,VSMC,UCSDX62,22,22
VSMCUCSDX63,VSMC,UCSDX63,24,24
VSMCUCSDX64,VSMC,UCSDX64,41,41
VSMCUCSDX69,VSMC,UCSDX69,44,44
VSMCUCSDX7,VSMC,UCSDX7,12,12
VSMCUCSDX72,VSMC,UCSDX72,31,31
VSMCUCSDX76,VSMC,UCSDX76,83,83
VSMCUCSDX77,VSMC,UCSDX77,13,13
VSMCUCSDX78,VSMC,UCSDX78,61,61
VSMCUCSDX9,VSMC,UCSDX9,1,1
